{
  "__type__": "cc.SpriteFrame",
  "content": {
    "name": "coin",
    "atlas": "",
    "rect": {
      "x": 8,
      "y": 7,
      "width": 456,
      "height": 457
    },
    "offset": {
      "x": 0.5,
      "y": 0
    },
    "originalSize": {
      "width": 471,
      "height": 471
    },
    "rotated": false,
    "capInsets": [
      0,
      0,
      0,
      0
    ],
    "vertices": {
      "rawPosition": [
        -228,
        -228.5,
        0,
        228,
        -228.5,
        0,
        -228,
        228.5,
        0,
        228,
        228.5,
        0
      ],
      "indexes": [
        0,
        1,
        2,
        2,
        1,
        3
      ],
      "uv": [
        8,
        464,
        464,
        464,
        8,
        7,
        464,
        7
      ],
      "nuv": [
        0.016985138004246284,
        0.014861995753715499,
        0.9851380042462845,
        0.014861995753715499,
        0.016985138004246284,
        0.9851380042462845,
        0.9851380042462845,
        0.9851380042462845
      ],
      "minPos": {
        "x": -228,
        "y": -228.5,
        "z": 0
      },
      "maxPos": {
        "x": 228,
        "y": 228.5,
        "z": 0
      }
    },
    "texture": "35ba52f2-f662-42fe-b2b2-8380606a6d1c@6c48a",
    "packable": true,
    "pixelsToUnit": 100,
    "pivot": {
      "x": 0.5,
      "y": 0.5
    },
    "meshType": 0
  }
}