{
  "__type__": "cc.SpriteFrame",
  "content": {
    "name": "20M",
    "atlas": "",
    "rect": {
      "x": 0,
      "y": 0,
      "width": 292,
      "height": 185
    },
    "offset": {
      "x": -4,
      "y": 0.5
    },
    "originalSize": {
      "width": 300,
      "height": 186
    },
    "rotated": false,
    "capInsets": [
      0,
      0,
      0,
      0
    ],
    "vertices": {
      "rawPosition": [
        -146,
        -92.5,
        0,
        146,
        -92.5,
        0,
        -146,
        92.5,
        0,
        146,
        92.5,
        0
      ],
      "indexes": [
        0,
        1,
        2,
        2,
        1,
        3
      ],
      "uv": [
        0,
        186,
        292,
        186,
        0,
        1,
        292,
        1
      ],
      "nuv": [
        0,
        0.005376344086021506,
        0.9733333333333334,
        0.005376344086021506,
        0,
        1,
        0.9733333333333334,
        1
      ],
      "minPos": {
        "x": -146,
        "y": -92.5,
        "z": 0
      },
      "maxPos": {
        "x": 146,
        "y": 92.5,
        "z": 0
      }
    },
    "texture": "56d85706-a75b-424c-bc85-e0a96e4d2c17@6c48a",
    "packable": true,
    "pixelsToUnit": 100,
    "pivot": {
      "x": 0.5,
      "y": 0.5
    },
    "meshType": 0
  }
}