{
  "__type__": "cc.SpriteFrame",
  "content": {
    "name": "dice 3",
    "atlas": "",
    "rect": {
      "x": 4,
      "y": 7,
      "width": 118,
      "height": 195
    },
    "offset": {
      "x": 0,
      "y": -1.5
    },
    "originalSize": {
      "width": 126,
      "height": 206
    },
    "rotated": false,
    "capInsets": [
      0,
      0,
      0,
      0
    ],
    "vertices": {
      "rawPosition": [
        -59,
        -97.5,
        0,
        59,
        -97.5,
        0,
        -59,
        97.5,
        0,
        59,
        97.5,
        0
      ],
      "indexes": [
        0,
        1,
        2,
        2,
        1,
        3
      ],
      "uv": [
        4,
        199,
        122,
        199,
        4,
        4,
        122,
        4
      ],
      "nuv": [
        0.031746031746031744,
        0.019417475728155338,
        0.9682539682539683,
        0.019417475728155338,
        0.031746031746031744,
        0.9660194174757282,
        0.9682539682539683,
        0.9660194174757282
      ],
      "minPos": {
        "x": -59,
        "y": -97.5,
        "z": 0
      },
      "maxPos": {
        "x": 59,
        "y": 97.5,
        "z": 0
      }
    },
    "texture": "3002cc0f-cd37-47bd-b8da-8b81a61df4b3@6c48a",
    "packable": true,
    "pixelsToUnit": 100,
    "pivot": {
      "x": 0.5,
      "y": 0.5
    },
    "meshType": 0
  }
}