{
  "__type__": "cc.SpriteFrame",
  "content": {
    "name": "18-1",
    "atlas": "",
    "rect": {
      "x": 1,
      "y": 0,
      "width": 27,
      "height": 28
    },
    "offset": {
      "x": 0.5,
      "y": 0
    },
    "originalSize": {
      "width": 28,
      "height": 28
    },
    "rotated": false,
    "capInsets": [
      0,
      0,
      0,
      0
    ],
    "vertices": {
      "rawPosition": [
        -13.5,
        -14,
        0,
        13.5,
        -14,
        0,
        -13.5,
        14,
        0,
        13.5,
        14,
        0
      ],
      "indexes": [
        0,
        1,
        2,
        2,
        1,
        3
      ],
      "uv": [
        1,
        28,
        28,
        28,
        1,
        0,
        28,
        0
      ],
      "nuv": [
        0.03571428571428571,
        0,
        1,
        0,
        0.03571428571428571,
        1,
        1,
        1
      ],
      "minPos": {
        "x": -13.5,
        "y": -14,
        "z": 0
      },
      "maxPos": {
        "x": 13.5,
        "y": 14,
        "z": 0
      }
    },
    "texture": "440c54c1-4e90-48d1-b0f1-f122105dd7a9@6c48a",
    "packable": true,
    "pixelsToUnit": 100,
    "pivot": {
      "x": 0.5,
      "y": 0.5
    },
    "meshType": 0
  }
}