{
  "__type__": "cc.SpriteFrame",
  "content": {
    "name": "dice 8",
    "atlas": "",
    "rect": {
      "x": 6,
      "y": 1,
      "width": 118,
      "height": 195
    },
    "offset": {
      "x": -2,
      "y": 1.5
    },
    "originalSize": {
      "width": 134,
      "height": 200
    },
    "rotated": false,
    "capInsets": [
      0,
      0,
      0,
      0
    ],
    "vertices": {
      "rawPosition": [
        -59,
        -97.5,
        0,
        59,
        -97.5,
        0,
        -59,
        97.5,
        0,
        59,
        97.5,
        0
      ],
      "indexes": [
        0,
        1,
        2,
        2,
        1,
        3
      ],
      "uv": [
        6,
        199,
        124,
        199,
        6,
        4,
        124,
        4
      ],
      "nuv": [
        0.04477611940298507,
        0.02,
        0.9253731343283582,
        0.02,
        0.04477611940298507,
        0.995,
        0.9253731343283582,
        0.995
      ],
      "minPos": {
        "x": -59,
        "y": -97.5,
        "z": 0
      },
      "maxPos": {
        "x": 59,
        "y": 97.5,
        "z": 0
      }
    },
    "texture": "e13c3d1b-a77a-4139-bbe5-fcd706d6fd23@6c48a",
    "packable": true,
    "pixelsToUnit": 100,
    "pivot": {
      "x": 0.5,
      "y": 0.5
    },
    "meshType": 0
  }
}