{
  "__type__": "cc.SpriteFrame",
  "content": {
    "name": "71590457-a206-4570-af28-703f391219ab.17ddc-fotor-20240319114246",
    "atlas": "",
    "rect": {
      "x": 0,
      "y": 0,
      "width": 89,
      "height": 91
    },
    "offset": {
      "x": 0,
      "y": 0.5
    },
    "originalSize": {
      "width": 89,
      "height": 92
    },
    "rotated": false,
    "capInsets": [
      18,
      16,
      20,
      14
    ],
    "vertices": {
      "rawPosition": [
        -44.5,
        -45.5,
        0,
        44.5,
        -45.5,
        0,
        -44.5,
        45.5,
        0,
        44.5,
        45.5,
        0
      ],
      "indexes": [
        0,
        1,
        2,
        2,
        1,
        3
      ],
      "uv": [
        0,
        92,
        89,
        92,
        0,
        1,
        89,
        1
      ],
      "nuv": [
        0,
        0.010869565217391304,
        1,
        0.010869565217391304,
        0,
        1,
        1,
        1
      ],
      "minPos": {
        "x": -44.5,
        "y": -45.5,
        "z": 0
      },
      "maxPos": {
        "x": 44.5,
        "y": 45.5,
        "z": 0
      }
    },
    "texture": "e197a31d-c111-4fd1-a8fb-d042f5a42eee@6c48a",
    "packable": true,
    "pixelsToUnit": 100,
    "pivot": {
      "x": 0.5,
      "y": 0.5
    },
    "meshType": 0
  }
}