{
  "__type__": "cc.SpriteFrame",
  "content": {
    "name": "table 46",
    "atlas": "",
    "rect": {
      "x": 0,
      "y": 0,
      "width": 212,
      "height": 210
    },
    "offset": {
      "x": -0.5,
      "y": 0
    },
    "originalSize": {
      "width": 213,
      "height": 210
    },
    "rotated": false,
    "capInsets": [
      0,
      0,
      0,
      0
    ],
    "vertices": {
      "rawPosition": [
        -106,
        -105,
        0,
        106,
        -105,
        0,
        -106,
        105,
        0,
        106,
        105,
        0
      ],
      "indexes": [
        0,
        1,
        2,
        2,
        1,
        3
      ],
      "uv": [
        0,
        210,
        212,
        210,
        0,
        0,
        212,
        0
      ],
      "nuv": [
        0,
        0,
        0.9953051643192489,
        0,
        0,
        1,
        0.9953051643192489,
        1
      ],
      "minPos": {
        "x": -106,
        "y": -105,
        "z": 0
      },
      "maxPos": {
        "x": 106,
        "y": 105,
        "z": 0
      }
    },
    "texture": "a7fba019-33cd-4d30-b15a-1f6a017d5e02@6c48a",
    "packable": true,
    "pixelsToUnit": 100,
    "pivot": {
      "x": 0.5,
      "y": 0.5
    },
    "meshType": 0
  }
}