{
  "__type__": "cc.SpriteFrame",
  "content": {
    "name": "dice 11",
    "atlas": "",
    "rect": {
      "x": 2,
      "y": 6,
      "width": 138,
      "height": 274
    },
    "offset": {
      "x": -3,
      "y": 1
    },
    "originalSize": {
      "width": 148,
      "height": 288
    },
    "rotated": false,
    "capInsets": [
      0,
      0,
      0,
      0
    ],
    "vertices": {
      "rawPosition": [
        -69,
        -137,
        0,
        69,
        -137,
        0,
        -69,
        137,
        0,
        69,
        137,
        0
      ],
      "indexes": [
        0,
        1,
        2,
        2,
        1,
        3
      ],
      "uv": [
        2,
        282,
        140,
        282,
        2,
        8,
        140,
        8
      ],
      "nuv": [
        0.013513513513513514,
        0.027777777777777776,
        0.9459459459459459,
        0.027777777777777776,
        0.013513513513513514,
        0.9791666666666666,
        0.9459459459459459,
        0.9791666666666666
      ],
      "minPos": {
        "x": -69,
        "y": -137,
        "z": 0
      },
      "maxPos": {
        "x": 69,
        "y": 137,
        "z": 0
      }
    },
    "texture": "96fb4bff-8ca8-48f1-8e39-97ab96165815@6c48a",
    "packable": true,
    "pixelsToUnit": 100,
    "pivot": {
      "x": 0.5,
      "y": 0.5
    },
    "meshType": 0
  }
}