{
  "__type__": "cc.SpriteFrame",
  "content": {
    "name": "5M",
    "atlas": "",
    "rect": {
      "x": 0,
      "y": 2,
      "width": 197,
      "height": 118
    },
    "offset": {
      "x": -0.5,
      "y": 0
    },
    "originalSize": {
      "width": 198,
      "height": 122
    },
    "rotated": false,
    "capInsets": [
      0,
      0,
      0,
      0
    ],
    "vertices": {
      "rawPosition": [
        -98.5,
        -59,
        0,
        98.5,
        -59,
        0,
        -98.5,
        59,
        0,
        98.5,
        59,
        0
      ],
      "indexes": [
        0,
        1,
        2,
        2,
        1,
        3
      ],
      "uv": [
        0,
        120,
        197,
        120,
        0,
        2,
        197,
        2
      ],
      "nuv": [
        0,
        0.01639344262295082,
        0.9949494949494949,
        0.01639344262295082,
        0,
        0.9836065573770492,
        0.9949494949494949,
        0.9836065573770492
      ],
      "minPos": {
        "x": -98.5,
        "y": -59,
        "z": 0
      },
      "maxPos": {
        "x": 98.5,
        "y": 59,
        "z": 0
      }
    },
    "texture": "0e2fc426-c938-4b26-b48e-46f58583afba@6c48a",
    "packable": true,
    "pixelsToUnit": 100,
    "pivot": {
      "x": 0.5,
      "y": 0.5
    },
    "meshType": 0
  }
}