{
  "__type__": "cc.SpriteFrame",
  "content": {
    "name": "13dbcc05-9c74-4606-870c-be9475b2a2cb.90faf-fotor-20240327111823",
    "atlas": "",
    "rect": {
      "x": 0,
      "y": 7,
      "width": 78,
      "height": 88
    },
    "offset": {
      "x": -8.5,
      "y": -3.5
    },
    "originalSize": {
      "width": 95,
      "height": 95
    },
    "rotated": false,
    "capInsets": [
      0,
      0,
      0,
      0
    ],
    "vertices": {
      "rawPosition": [
        -39,
        -44,
        0,
        39,
        -44,
        0,
        -39,
        44,
        0,
        39,
        44,
        0
      ],
      "indexes": [
        0,
        1,
        2,
        2,
        1,
        3
      ],
      "uv": [
        0,
        88,
        78,
        88,
        0,
        0,
        78,
        0
      ],
      "nuv": [
        0,
        0,
        0.8210526315789474,
        0,
        0,
        0.9263157894736842,
        0.8210526315789474,
        0.9263157894736842
      ],
      "minPos": {
        "x": -39,
        "y": -44,
        "z": 0
      },
      "maxPos": {
        "x": 39,
        "y": 44,
        "z": 0
      }
    },
    "texture": "83f60ea1-e68a-40c9-9d5c-66d583c76dd1@6c48a",
    "packable": true,
    "pixelsToUnit": 100,
    "pivot": {
      "x": 0.5,
      "y": 0.5
    },
    "meshType": 0
  }
}