{
  "__type__": "cc.SpriteFrame",
  "content": {
    "name": "dice 5",
    "atlas": "",
    "rect": {
      "x": 8,
      "y": 7,
      "width": 118,
      "height": 193
    },
    "offset": {
      "x": 1,
      "y": -3.5
    },
    "originalSize": {
      "width": 132,
      "height": 200
    },
    "rotated": false,
    "capInsets": [
      0,
      0,
      0,
      0
    ],
    "vertices": {
      "rawPosition": [
        -59,
        -96.5,
        0,
        59,
        -96.5,
        0,
        -59,
        96.5,
        0,
        59,
        96.5,
        0
      ],
      "indexes": [
        0,
        1,
        2,
        2,
        1,
        3
      ],
      "uv": [
        8,
        193,
        126,
        193,
        8,
        0,
        126,
        0
      ],
      "nuv": [
        0.06060606060606061,
        0,
        0.9545454545454546,
        0,
        0.06060606060606061,
        0.965,
        0.9545454545454546,
        0.965
      ],
      "minPos": {
        "x": -59,
        "y": -96.5,
        "z": 0
      },
      "maxPos": {
        "x": 59,
        "y": 96.5,
        "z": 0
      }
    },
    "texture": "40a3b197-7a1d-4523-b70a-72de836aca9d@6c48a",
    "packable": true,
    "pixelsToUnit": 100,
    "pivot": {
      "x": 0.5,
      "y": 0.5
    },
    "meshType": 0
  }
}