{
  "__type__": "cc.SpriteFrame",
  "content": {
    "name": "tanl",
    "atlas": "",
    "rect": {
      "x": 0,
      "y": 0,
      "width": 116,
      "height": 142
    },
    "offset": {
      "x": -0.5,
      "y": 0
    },
    "originalSize": {
      "width": 117,
      "height": 142
    },
    "rotated": false,
    "capInsets": [
      20,
      20,
      20,
      20
    ],
    "vertices": {
      "rawPosition": [
        -58,
        -71,
        0,
        58,
        -71,
        0,
        -58,
        71,
        0,
        58,
        71,
        0
      ],
      "indexes": [
        0,
        1,
        2,
        2,
        1,
        3
      ],
      "uv": [
        0,
        142,
        116,
        142,
        0,
        0,
        116,
        0
      ],
      "nuv": [
        0,
        0,
        0.9914529914529915,
        0,
        0,
        1,
        0.9914529914529915,
        1
      ],
      "minPos": {
        "x": -58,
        "y": -71,
        "z": 0
      },
      "maxPos": {
        "x": 58,
        "y": 71,
        "z": 0
      }
    },
    "texture": "94a34094-9188-465b-833a-b8a0e6ee3222@6c48a",
    "packable": true,
    "pixelsToUnit": 100,
    "pivot": {
      "x": 0.5,
      "y": 0.5
    },
    "meshType": 0
  }
}