{
  "__type__": "cc.SpriteFrame",
  "content": {
    "name": "dice 6",
    "atlas": "",
    "rect": {
      "x": 8,
      "y": 1,
      "width": 128,
      "height": 195
    },
    "offset": {
      "x": 4,
      "y": 1.5
    },
    "originalSize": {
      "width": 136,
      "height": 200
    },
    "rotated": false,
    "capInsets": [
      0,
      0,
      0,
      0
    ],
    "vertices": {
      "rawPosition": [
        -64,
        -97.5,
        0,
        64,
        -97.5,
        0,
        -64,
        97.5,
        0,
        64,
        97.5,
        0
      ],
      "indexes": [
        0,
        1,
        2,
        2,
        1,
        3
      ],
      "uv": [
        8,
        199,
        136,
        199,
        8,
        4,
        136,
        4
      ],
      "nuv": [
        0.058823529411764705,
        0.02,
        1,
        0.02,
        0.058823529411764705,
        0.995,
        1,
        0.995
      ],
      "minPos": {
        "x": -64,
        "y": -97.5,
        "z": 0
      },
      "maxPos": {
        "x": 64,
        "y": 97.5,
        "z": 0
      }
    },
    "texture": "ce930e4d-1556-4cfc-b563-3b7097fd9053@6c48a",
    "packable": true,
    "pixelsToUnit": 100,
    "pivot": {
      "x": 0.5,
      "y": 0.5
    },
    "meshType": 0
  }
}