{
  "__type__": "cc.SpriteFrame",
  "content": {
    "name": "79338b97-66e9-46f3-90e5-0a2df786a579.698bb-fotor-20240319152510",
    "atlas": "",
    "rect": {
      "x": 0,
      "y": 0,
      "width": 64,
      "height": 65
    },
    "offset": {
      "x": 0,
      "y": 0.5
    },
    "originalSize": {
      "width": 64,
      "height": 66
    },
    "rotated": false,
    "capInsets": [
      0,
      0,
      0,
      0
    ],
    "vertices": {
      "rawPosition": [
        -32,
        -32.5,
        0,
        32,
        -32.5,
        0,
        -32,
        32.5,
        0,
        32,
        32.5,
        0
      ],
      "indexes": [
        0,
        1,
        2,
        2,
        1,
        3
      ],
      "uv": [
        0,
        66,
        64,
        66,
        0,
        1,
        64,
        1
      ],
      "nuv": [
        0,
        0.015151515151515152,
        1,
        0.015151515151515152,
        0,
        1,
        1,
        1
      ],
      "minPos": {
        "x": -32,
        "y": -32.5,
        "z": 0
      },
      "maxPos": {
        "x": 32,
        "y": 32.5,
        "z": 0
      }
    },
    "texture": "6f717fe8-0a45-4940-bfa5-aa5463dce432@6c48a",
    "packable": true,
    "pixelsToUnit": 100,
    "pivot": {
      "x": 0.5,
      "y": 0.5
    },
    "meshType": 0
  }
}