{
  "__type__": "cc.SpriteFrame",
  "content": {
    "name": "7",
    "atlas": "",
    "rect": {
      "x": 1,
      "y": 2,
      "width": 27,
      "height": 26
    },
    "offset": {
      "x": 0.5,
      "y": -1
    },
    "originalSize": {
      "width": 28,
      "height": 28
    },
    "rotated": false,
    "capInsets": [
      0,
      0,
      0,
      0
    ],
    "vertices": {
      "rawPosition": [
        -13.5,
        -13,
        0,
        13.5,
        -13,
        0,
        -13.5,
        13,
        0,
        13.5,
        13,
        0
      ],
      "indexes": [
        0,
        1,
        2,
        2,
        1,
        3
      ],
      "uv": [
        1,
        26,
        28,
        26,
        1,
        0,
        28,
        0
      ],
      "nuv": [
        0.03571428571428571,
        0,
        1,
        0,
        0.03571428571428571,
        0.9285714285714286,
        1,
        0.9285714285714286
      ],
      "minPos": {
        "x": -13.5,
        "y": -13,
        "z": 0
      },
      "maxPos": {
        "x": 13.5,
        "y": 13,
        "z": 0
      }
    },
    "texture": "c6574849-0f2b-4ed8-8c51-951766a69d0c@6c48a",
    "packable": true,
    "pixelsToUnit": 100,
    "pivot": {
      "x": 0.5,
      "y": 0.5
    },
    "meshType": 0
  }
}