{
  "__type__": "cc.SpriteFrame",
  "content": {
    "name": "SpriteNew-fotor-20240318114433",
    "atlas": "",
    "rect": {
      "x": 0,
      "y": 0,
      "width": 62,
      "height": 161
    },
    "offset": {
      "x": -0.5,
      "y": 1
    },
    "originalSize": {
      "width": 63,
      "height": 163
    },
    "rotated": false,
    "capInsets": [
      0,
      0,
      0,
      0
    ],
    "vertices": {
      "rawPosition": [
        -31,
        -80.5,
        0,
        31,
        -80.5,
        0,
        -31,
        80.5,
        0,
        31,
        80.5,
        0
      ],
      "indexes": [
        0,
        1,
        2,
        2,
        1,
        3
      ],
      "uv": [
        0,
        163,
        62,
        163,
        0,
        2,
        62,
        2
      ],
      "nuv": [
        0,
        0.012269938650306749,
        0.9841269841269841,
        0.012269938650306749,
        0,
        1,
        0.9841269841269841,
        1
      ],
      "minPos": {
        "x": -31,
        "y": -80.5,
        "z": 0
      },
      "maxPos": {
        "x": 31,
        "y": 80.5,
        "z": 0
      }
    },
    "texture": "04c18c56-0fab-488e-95ab-3b72689580c5@6c48a",
    "packable": true,
    "pixelsToUnit": 100,
    "pivot": {
      "x": 0.5,
      "y": 0.5
    },
    "meshType": 0
  }
}