{
  "__type__": "cc.SpriteFrame",
  "content": {
    "name": "2",
    "atlas": "",
    "rect": {
      "x": 0,
      "y": 1,
      "width": 72,
      "height": 75
    },
    "offset": {
      "x": -2,
      "y": -0.5
    },
    "originalSize": {
      "width": 76,
      "height": 76
    },
    "rotated": false,
    "capInsets": [
      0,
      0,
      0,
      0
    ],
    "vertices": {
      "rawPosition": [
        -36,
        -37.5,
        0,
        36,
        -37.5,
        0,
        -36,
        37.5,
        0,
        36,
        37.5,
        0
      ],
      "indexes": [
        0,
        1,
        2,
        2,
        1,
        3
      ],
      "uv": [
        0,
        75,
        72,
        75,
        0,
        0,
        72,
        0
      ],
      "nuv": [
        0,
        0,
        0.9473684210526315,
        0,
        0,
        0.9868421052631579,
        0.9473684210526315,
        0.9868421052631579
      ],
      "minPos": {
        "x": -36,
        "y": -37.5,
        "z": 0
      },
      "maxPos": {
        "x": 36,
        "y": 37.5,
        "z": 0
      }
    },
    "texture": "ed221174-3430-402f-94c1-63f3f8715339@6c48a",
    "packable": true,
    "pixelsToUnit": 100,
    "pivot": {
      "x": 0.5,
      "y": 0.5
    },
    "meshType": 0
  }
}