{
  "__type__": "cc.SpriteFrame",
  "content": {
    "name": "rank2",
    "atlas": "",
    "rect": {
      "x": 4,
      "y": 6,
      "width": 50,
      "height": 54
    },
    "offset": {
      "x": 0.5,
      "y": -3
    },
    "originalSize": {
      "width": 57,
      "height": 60
    },
    "rotated": false,
    "capInsets": [
      0,
      0,
      0,
      0
    ],
    "vertices": {
      "rawPosition": [
        -25,
        -27,
        0,
        25,
        -27,
        0,
        -25,
        27,
        0,
        25,
        27,
        0
      ],
      "indexes": [
        0,
        1,
        2,
        2,
        1,
        3
      ],
      "uv": [
        4,
        54,
        54,
        54,
        4,
        0,
        54,
        0
      ],
      "nuv": [
        0.07017543859649122,
        0,
        0.9473684210526315,
        0,
        0.07017543859649122,
        0.9,
        0.9473684210526315,
        0.9
      ],
      "minPos": {
        "x": -25,
        "y": -27,
        "z": 0
      },
      "maxPos": {
        "x": 25,
        "y": 27,
        "z": 0
      }
    },
    "texture": "19b66bcd-76b7-492d-87a1-2dadc9cdfed8@6c48a",
    "packable": true,
    "pixelsToUnit": 100,
    "pivot": {
      "x": 0.5,
      "y": 0.5
    },
    "meshType": 0
  }
}