{
  "__type__": "cc.SpriteFrame",
  "content": {
    "name": "effect 12",
    "atlas": "",
    "rect": {
      "x": 0,
      "y": 0,
      "width": 824,
      "height": 486
    },
    "offset": {
      "x": -49,
      "y": 3
    },
    "originalSize": {
      "width": 922,
      "height": 492
    },
    "rotated": false,
    "capInsets": [
      0,
      0,
      0,
      0
    ],
    "vertices": {
      "rawPosition": [
        -412,
        -243,
        0,
        412,
        -243,
        0,
        -412,
        243,
        0,
        412,
        243,
        0
      ],
      "indexes": [
        0,
        1,
        2,
        2,
        1,
        3
      ],
      "uv": [
        0,
        492,
        824,
        492,
        0,
        6,
        824,
        6
      ],
      "nuv": [
        0,
        0.012195121951219513,
        0.8937093275488069,
        0.012195121951219513,
        0,
        1,
        0.8937093275488069,
        1
      ],
      "minPos": {
        "x": -412,
        "y": -243,
        "z": 0
      },
      "maxPos": {
        "x": 412,
        "y": 243,
        "z": 0
      }
    },
    "texture": "a3d2486e-efe1-4dfa-87de-c4433401de41@6c48a",
    "packable": true,
    "pixelsToUnit": 100,
    "pivot": {
      "x": 0.5,
      "y": 0.5
    },
    "meshType": 0
  }
}