{
  "__type__": "cc.SpriteFrame",
  "content": {
    "name": "table 22",
    "atlas": "",
    "rect": {
      "x": 5,
      "y": 1,
      "width": 31,
      "height": 50
    },
    "offset": {
      "x": -1.5,
      "y": 5
    },
    "originalSize": {
      "width": 44,
      "height": 62
    },
    "rotated": false,
    "capInsets": [
      0,
      0,
      0,
      0
    ],
    "vertices": {
      "rawPosition": [
        -15.5,
        -25,
        0,
        15.5,
        -25,
        0,
        -15.5,
        25,
        0,
        15.5,
        25,
        0
      ],
      "indexes": [
        0,
        1,
        2,
        2,
        1,
        3
      ],
      "uv": [
        5,
        61,
        36,
        61,
        5,
        11,
        36,
        11
      ],
      "nuv": [
        0.11363636363636363,
        0.1774193548387097,
        0.8181818181818182,
        0.1774193548387097,
        0.11363636363636363,
        0.9838709677419355,
        0.8181818181818182,
        0.9838709677419355
      ],
      "minPos": {
        "x": -15.5,
        "y": -25,
        "z": 0
      },
      "maxPos": {
        "x": 15.5,
        "y": 25,
        "z": 0
      }
    },
    "texture": "17485d87-a422-4770-b494-04413fe0db25@6c48a",
    "packable": true,
    "pixelsToUnit": 100,
    "pivot": {
      "x": 0.5,
      "y": 0.5
    },
    "meshType": 0
  }
}