{
  "__type__": "cc.SpriteFrame",
  "content": {
    "name": "10M",
    "atlas": "",
    "rect": {
      "x": 2,
      "y": 1,
      "width": 292,
      "height": 181
    },
    "offset": {
      "x": 1,
      "y": 0
    },
    "originalSize": {
      "width": 294,
      "height": 183
    },
    "rotated": false,
    "capInsets": [
      0,
      0,
      0,
      0
    ],
    "vertices": {
      "rawPosition": [
        -146,
        -90.5,
        0,
        146,
        -90.5,
        0,
        -146,
        90.5,
        0,
        146,
        90.5,
        0
      ],
      "indexes": [
        0,
        1,
        2,
        2,
        1,
        3
      ],
      "uv": [
        2,
        182,
        294,
        182,
        2,
        1,
        294,
        1
      ],
      "nuv": [
        0.006802721088435374,
        0.00546448087431694,
        1,
        0.00546448087431694,
        0.006802721088435374,
        0.994535519125683,
        1,
        0.994535519125683
      ],
      "minPos": {
        "x": -146,
        "y": -90.5,
        "z": 0
      },
      "maxPos": {
        "x": 146,
        "y": 90.5,
        "z": 0
      }
    },
    "texture": "e3b79168-1516-4f6c-9033-ca7f1499ad74@6c48a",
    "packable": true,
    "pixelsToUnit": 100,
    "pivot": {
      "x": 0.5,
      "y": 0.5
    },
    "meshType": 0
  }
}