{
  "__type__": "cc.SpriteFrame",
  "content": {
    "name": "dice 9",
    "atlas": "",
    "rect": {
      "x": 8,
      "y": 6,
      "width": 138,
      "height": 274
    },
    "offset": {
      "x": 0,
      "y": 1
    },
    "originalSize": {
      "width": 154,
      "height": 288
    },
    "rotated": false,
    "capInsets": [
      0,
      0,
      0,
      0
    ],
    "vertices": {
      "rawPosition": [
        -69,
        -137,
        0,
        69,
        -137,
        0,
        -69,
        137,
        0,
        69,
        137,
        0
      ],
      "indexes": [
        0,
        1,
        2,
        2,
        1,
        3
      ],
      "uv": [
        8,
        282,
        146,
        282,
        8,
        8,
        146,
        8
      ],
      "nuv": [
        0.05194805194805195,
        0.027777777777777776,
        0.948051948051948,
        0.027777777777777776,
        0.05194805194805195,
        0.9791666666666666,
        0.948051948051948,
        0.9791666666666666
      ],
      "minPos": {
        "x": -69,
        "y": -137,
        "z": 0
      },
      "maxPos": {
        "x": 69,
        "y": 137,
        "z": 0
      }
    },
    "texture": "38c323f2-03ad-4597-b429-fcfbcbb71779@6c48a",
    "packable": true,
    "pixelsToUnit": 100,
    "pivot": {
      "x": 0.5,
      "y": 0.5
    },
    "meshType": 0
  }
}