{
  "__type__": "cc.SpriteFrame",
  "content": {
    "name": "table 64",
    "atlas": "",
    "rect": {
      "x": 0,
      "y": 0,
      "width": 745,
      "height": 189
    },
    "offset": {
      "x": -1,
      "y": 0
    },
    "originalSize": {
      "width": 747,
      "height": 189
    },
    "rotated": false,
    "capInsets": [
      0,
      0,
      0,
      0
    ],
    "vertices": {
      "rawPosition": [
        -372.5,
        -94.5,
        0,
        372.5,
        -94.5,
        0,
        -372.5,
        94.5,
        0,
        372.5,
        94.5,
        0
      ],
      "indexes": [
        0,
        1,
        2,
        2,
        1,
        3
      ],
      "uv": [
        0,
        189,
        745,
        189,
        0,
        0,
        745,
        0
      ],
      "nuv": [
        0,
        0,
        0.9973226238286479,
        0,
        0,
        1,
        0.9973226238286479,
        1
      ],
      "minPos": {
        "x": -372.5,
        "y": -94.5,
        "z": 0
      },
      "maxPos": {
        "x": 372.5,
        "y": 94.5,
        "z": 0
      }
    },
    "texture": "45eb5c8c-4a5c-4207-a391-61b1c8c04e5e@6c48a",
    "packable": true,
    "pixelsToUnit": 100,
    "pivot": {
      "x": 0.5,
      "y": 0.5
    },
    "meshType": 0
  }
}