{
  "__type__": "cc.SpriteFrame",
  "content": {
    "name": "dice",
    "atlas": "",
    "rect": {
      "x": 2,
      "y": 2,
      "width": 2022,
      "height": 742
    },
    "offset": {
      "x": 0,
      "y": 0
    },
    "originalSize": {
      "width": 2026,
      "height": 746
    },
    "rotated": false,
    "capInsets": [
      0,
      0,
      0,
      0
    ],
    "vertices": {
      "rawPosition": [
        -1011,
        -371,
        0,
        1011,
        -371,
        0,
        -1011,
        371,
        0,
        1011,
        371,
        0
      ],
      "indexes": [
        0,
        1,
        2,
        2,
        1,
        3
      ],
      "uv": [
        2,
        744,
        2024,
        744,
        2,
        2,
        2024,
        2
      ],
      "nuv": [
        0.0009871668311944718,
        0.002680965147453083,
        0.9990128331688055,
        0.002680965147453083,
        0.0009871668311944718,
        0.9973190348525469,
        0.9990128331688055,
        0.9973190348525469
      ],
      "minPos": {
        "x": -1011,
        "y": -371,
        "z": 0
      },
      "maxPos": {
        "x": 1011,
        "y": 371,
        "z": 0
      }
    },
    "texture": "f23343d5-ab5d-4c1f-9225-7cbc73c23411@6c48a",
    "packable": true,
    "pixelsToUnit": 100,
    "pivot": {
      "x": 0.5,
      "y": 0.5
    },
    "meshType": 0
  }
}