{
  "__type__": "cc.SpriteFrame",
  "content": {
    "name": "table 60",
    "atlas": "",
    "rect": {
      "x": 0,
      "y": 2,
      "width": 208,
      "height": 205
    },
    "offset": {
      "x": -1,
      "y": -1
    },
    "originalSize": {
      "width": 210,
      "height": 207
    },
    "rotated": false,
    "capInsets": [
      0,
      0,
      0,
      0
    ],
    "vertices": {
      "rawPosition": [
        -104,
        -102.5,
        0,
        104,
        -102.5,
        0,
        -104,
        102.5,
        0,
        104,
        102.5,
        0
      ],
      "indexes": [
        0,
        1,
        2,
        2,
        1,
        3
      ],
      "uv": [
        0,
        205,
        208,
        205,
        0,
        0,
        208,
        0
      ],
      "nuv": [
        0,
        0,
        0.9904761904761905,
        0,
        0,
        0.9903381642512077,
        0.9904761904761905,
        0.9903381642512077
      ],
      "minPos": {
        "x": -104,
        "y": -102.5,
        "z": 0
      },
      "maxPos": {
        "x": 104,
        "y": 102.5,
        "z": 0
      }
    },
    "texture": "fcbae24b-d3c9-47d3-9ae8-5579f0e7292b@6c48a",
    "packable": true,
    "pixelsToUnit": 100,
    "pivot": {
      "x": 0.5,
      "y": 0.5
    },
    "meshType": 0
  }
}