{
  "__type__": "cc.SpriteFrame",
  "content": {
    "name": "71590457-a206-4570-af28-703f391219ab.17ddc-fotor-20240319114447",
    "atlas": "",
    "rect": {
      "x": 0,
      "y": 0,
      "width": 55,
      "height": 91
    },
    "offset": {
      "x": 0,
      "y": 0.5
    },
    "originalSize": {
      "width": 55,
      "height": 92
    },
    "rotated": false,
    "capInsets": [
      0,
      26,
      25,
      26
    ],
    "vertices": {
      "rawPosition": [
        -27.5,
        -45.5,
        0,
        27.5,
        -45.5,
        0,
        -27.5,
        45.5,
        0,
        27.5,
        45.5,
        0
      ],
      "indexes": [
        0,
        1,
        2,
        2,
        1,
        3
      ],
      "uv": [
        0,
        92,
        55,
        92,
        0,
        1,
        55,
        1
      ],
      "nuv": [
        0,
        0.010869565217391304,
        1,
        0.010869565217391304,
        0,
        1,
        1,
        1
      ],
      "minPos": {
        "x": -27.5,
        "y": -45.5,
        "z": 0
      },
      "maxPos": {
        "x": 27.5,
        "y": 45.5,
        "z": 0
      }
    },
    "texture": "a9e28612-ae13-411c-b7b4-8491cd047b5c@6c48a",
    "packable": true,
    "pixelsToUnit": 100,
    "pivot": {
      "x": 0.5,
      "y": 0.5
    },
    "meshType": 0
  }
}