{
  "__type__": "cc.SpriteFrame",
  "content": {
    "name": "table 16",
    "atlas": "",
    "rect": {
      "x": 0,
      "y": 0,
      "width": 119,
      "height": 356
    },
    "offset": {
      "x": -0.5,
      "y": 0
    },
    "originalSize": {
      "width": 120,
      "height": 356
    },
    "rotated": false,
    "capInsets": [
      0,
      0,
      0,
      0
    ],
    "vertices": {
      "rawPosition": [
        -59.5,
        -178,
        0,
        59.5,
        -178,
        0,
        -59.5,
        178,
        0,
        59.5,
        178,
        0
      ],
      "indexes": [
        0,
        1,
        2,
        2,
        1,
        3
      ],
      "uv": [
        0,
        356,
        119,
        356,
        0,
        0,
        119,
        0
      ],
      "nuv": [
        0,
        0,
        0.9916666666666667,
        0,
        0,
        1,
        0.9916666666666667,
        1
      ],
      "minPos": {
        "x": -59.5,
        "y": -178,
        "z": 0
      },
      "maxPos": {
        "x": 59.5,
        "y": 178,
        "z": 0
      }
    },
    "texture": "1503e421-6943-4a15-96dc-ca0ebc3c4344@6c48a",
    "packable": true,
    "pixelsToUnit": 100,
    "pivot": {
      "x": 0.5,
      "y": 0.5
    },
    "meshType": 0
  }
}