{
  "__type__": "cc.SpriteFrame",
  "content": {
    "name": "table 67",
    "atlas": "",
    "rect": {
      "x": 10,
      "y": 2,
      "width": 772,
      "height": 190
    },
    "offset": {
      "x": 4.5,
      "y": -1
    },
    "originalSize": {
      "width": 783,
      "height": 192
    },
    "rotated": false,
    "capInsets": [
      0,
      0,
      0,
      0
    ],
    "vertices": {
      "rawPosition": [
        -386,
        -95,
        0,
        386,
        -95,
        0,
        -386,
        95,
        0,
        386,
        95,
        0
      ],
      "indexes": [
        0,
        1,
        2,
        2,
        1,
        3
      ],
      "uv": [
        10,
        190,
        782,
        190,
        10,
        0,
        782,
        0
      ],
      "nuv": [
        0.01277139208173691,
        0,
        0.9987228607918263,
        0,
        0.01277139208173691,
        0.9895833333333334,
        0.9987228607918263,
        0.9895833333333334
      ],
      "minPos": {
        "x": -386,
        "y": -95,
        "z": 0
      },
      "maxPos": {
        "x": 386,
        "y": 95,
        "z": 0
      }
    },
    "texture": "fd857159-fefa-43c8-af9d-67fe3b59f9d8@6c48a",
    "packable": true,
    "pixelsToUnit": 100,
    "pivot": {
      "x": 0.5,
      "y": 0.5
    },
    "meshType": 0
  }
}