{
  "__type__": "cc.SpriteFrame",
  "content": {
    "name": "SpriteNew-fotor-20240318132312",
    "atlas": "",
    "rect": {
      "x": 0,
      "y": 1,
      "width": 24,
      "height": 37
    },
    "offset": {
      "x": 0,
      "y": 0
    },
    "originalSize": {
      "width": 24,
      "height": 39
    },
    "rotated": false,
    "capInsets": [
      0,
      0,
      0,
      0
    ],
    "vertices": {
      "rawPosition": [
        -12,
        -18.5,
        0,
        12,
        -18.5,
        0,
        -12,
        18.5,
        0,
        12,
        18.5,
        0
      ],
      "indexes": [
        0,
        1,
        2,
        2,
        1,
        3
      ],
      "uv": [
        0,
        38,
        24,
        38,
        0,
        1,
        24,
        1
      ],
      "nuv": [
        0,
        0.02564102564102564,
        1,
        0.02564102564102564,
        0,
        0.9743589743589743,
        1,
        0.9743589743589743
      ],
      "minPos": {
        "x": -12,
        "y": -18.5,
        "z": 0
      },
      "maxPos": {
        "x": 12,
        "y": 18.5,
        "z": 0
      }
    },
    "texture": "7436c4b8-5bd5-4d41-9796-f40969994eb5@6c48a",
    "packable": true,
    "pixelsToUnit": 100,
    "pivot": {
      "x": 0.5,
      "y": 0.5
    },
    "meshType": 0
  }
}