{
  "__type__": "cc.SpriteFrame",
  "content": {
    "name": "2",
    "atlas": "",
    "rect": {
      "x": 2,
      "y": 7,
      "width": 139,
      "height": 142
    },
    "offset": {
      "x": -6,
      "y": -0.5
    },
    "originalSize": {
      "width": 155,
      "height": 155
    },
    "rotated": false,
    "capInsets": [
      0,
      0,
      0,
      0
    ],
    "vertices": {
      "rawPosition": [
        -69.5,
        -71,
        0,
        69.5,
        -71,
        0,
        -69.5,
        71,
        0,
        69.5,
        71,
        0
      ],
      "indexes": [
        0,
        1,
        2,
        2,
        1,
        3
      ],
      "uv": [
        2,
        148,
        141,
        148,
        2,
        6,
        141,
        6
      ],
      "nuv": [
        0.012903225806451613,
        0.03870967741935484,
        0.9096774193548387,
        0.03870967741935484,
        0.012903225806451613,
        0.9548387096774194,
        0.9096774193548387,
        0.9548387096774194
      ],
      "minPos": {
        "x": -69.5,
        "y": -71,
        "z": 0
      },
      "maxPos": {
        "x": 69.5,
        "y": 71,
        "z": 0
      }
    },
    "texture": "74f20f42-0475-4a09-be81-1866d3b48158@6c48a",
    "packable": true,
    "pixelsToUnit": 100,
    "pivot": {
      "x": 0.5,
      "y": 0.5
    },
    "meshType": 0
  }
}