{
  "__type__": "cc.SpriteFrame",
  "content": {
    "name": "3",
    "atlas": "",
    "rect": {
      "x": 15,
      "y": 7,
      "width": 110,
      "height": 142
    },
    "offset": {
      "x": -7.5,
      "y": -0.5
    },
    "originalSize": {
      "width": 155,
      "height": 155
    },
    "rotated": false,
    "capInsets": [
      0,
      0,
      0,
      0
    ],
    "vertices": {
      "rawPosition": [
        -55,
        -71,
        0,
        55,
        -71,
        0,
        -55,
        71,
        0,
        55,
        71,
        0
      ],
      "indexes": [
        0,
        1,
        2,
        2,
        1,
        3
      ],
      "uv": [
        15,
        148,
        125,
        148,
        15,
        6,
        125,
        6
      ],
      "nuv": [
        0.0967741935483871,
        0.03870967741935484,
        0.8064516129032258,
        0.03870967741935484,
        0.0967741935483871,
        0.9548387096774194,
        0.8064516129032258,
        0.9548387096774194
      ],
      "minPos": {
        "x": -55,
        "y": -71,
        "z": 0
      },
      "maxPos": {
        "x": 55,
        "y": 71,
        "z": 0
      }
    },
    "texture": "e0065723-4c0d-44b3-bd2f-cff02dc1aab2@6c48a",
    "packable": true,
    "pixelsToUnit": 100,
    "pivot": {
      "x": 0.5,
      "y": 0.5
    },
    "meshType": 0
  }
}