{
  "__type__": "cc.SpriteFrame",
  "content": {
    "name": "table 2",
    "atlas": "",
    "rect": {
      "x": 4,
      "y": 2,
      "width": 508,
      "height": 508
    },
    "offset": {
      "x": 1,
      "y": -1
    },
    "originalSize": {
      "width": 514,
      "height": 510
    },
    "rotated": false,
    "capInsets": [
      0,
      0,
      0,
      0
    ],
    "vertices": {
      "rawPosition": [
        -254,
        -254,
        0,
        254,
        -254,
        0,
        -254,
        254,
        0,
        254,
        254,
        0
      ],
      "indexes": [
        0,
        1,
        2,
        2,
        1,
        3
      ],
      "uv": [
        4,
        508,
        512,
        508,
        4,
        0,
        512,
        0
      ],
      "nuv": [
        0.007782101167315175,
        0,
        0.9961089494163424,
        0,
        0.007782101167315175,
        0.996078431372549,
        0.9961089494163424,
        0.996078431372549
      ],
      "minPos": {
        "x": -254,
        "y": -254,
        "z": 0
      },
      "maxPos": {
        "x": 254,
        "y": 254,
        "z": 0
      }
    },
    "texture": "5ffbf828-cf8c-4e19-8bd6-8c43dc4e52d9@6c48a",
    "packable": true,
    "pixelsToUnit": 100,
    "pivot": {
      "x": 0.5,
      "y": 0.5
    },
    "meshType": 0
  }
}