{
  "__type__": "cc.SpriteFrame",
  "content": {
    "name": "tile009",
    "atlas": "",
    "rect": {
      "x": 11,
      "y": 0,
      "width": 22,
      "height": 25
    },
    "offset": {
      "x": 5.5,
      "y": 0.5
    },
    "originalSize": {
      "width": 33,
      "height": 26
    },
    "rotated": false,
    "capInsets": [
      0,
      0,
      0,
      0
    ],
    "vertices": {
      "rawPosition": [
        -11,
        -12.5,
        0,
        11,
        -12.5,
        0,
        -11,
        12.5,
        0,
        11,
        12.5,
        0
      ],
      "indexes": [
        0,
        1,
        2,
        2,
        1,
        3
      ],
      "uv": [
        11,
        26,
        33,
        26,
        11,
        1,
        33,
        1
      ],
      "nuv": [
        0.3333333333333333,
        0.038461538461538464,
        1,
        0.038461538461538464,
        0.3333333333333333,
        1,
        1,
        1
      ],
      "minPos": {
        "x": -11,
        "y": -12.5,
        "z": 0
      },
      "maxPos": {
        "x": 11,
        "y": 12.5,
        "z": 0
      }
    },
    "texture": "9775be50-b530-47fc-ac81-d7a55e4754f2@6c48a",
    "packable": true,
    "pixelsToUnit": 100,
    "pivot": {
      "x": 0.5,
      "y": 0.5
    },
    "meshType": 0
  }
}