{
  "__type__": "cc.SpriteFrame",
  "content": {
    "name": "27f990fd-8798-4e57-9a15-7629dc747038.65093-fotor-20240326105659",
    "atlas": "",
    "rect": {
      "x": 2,
      "y": 1,
      "width": 88,
      "height": 88
    },
    "offset": {
      "x": 1,
      "y": 0
    },
    "originalSize": {
      "width": 90,
      "height": 90
    },
    "rotated": false,
    "capInsets": [
      0,
      0,
      0,
      0
    ],
    "vertices": {
      "rawPosition": [
        -44,
        -44,
        0,
        44,
        -44,
        0,
        -44,
        44,
        0,
        44,
        44,
        0
      ],
      "indexes": [
        0,
        1,
        2,
        2,
        1,
        3
      ],
      "uv": [
        2,
        89,
        90,
        89,
        2,
        1,
        90,
        1
      ],
      "nuv": [
        0.022222222222222223,
        0.011111111111111112,
        1,
        0.011111111111111112,
        0.022222222222222223,
        0.9888888888888889,
        1,
        0.9888888888888889
      ],
      "minPos": {
        "x": -44,
        "y": -44,
        "z": 0
      },
      "maxPos": {
        "x": 44,
        "y": 44,
        "z": 0
      }
    },
    "texture": "9794a22e-b108-4092-ab41-ae2cbdb502f3@6c48a",
    "packable": true,
    "pixelsToUnit": 100,
    "pivot": {
      "x": 0.5,
      "y": 0.5
    },
    "meshType": 0
  }
}