{
  "__type__": "cc.SpriteFrame",
  "content": {
    "name": "4",
    "atlas": "",
    "rect": {
      "x": 66,
      "y": 5,
      "width": 24,
      "height": 144
    },
    "offset": {
      "x": 0.5,
      "y": 0.5
    },
    "originalSize": {
      "width": 155,
      "height": 155
    },
    "rotated": false,
    "capInsets": [
      7,
      64,
      7,
      64
    ],
    "vertices": {
      "rawPosition": [
        -12,
        -72,
        0,
        12,
        -72,
        0,
        -12,
        72,
        0,
        12,
        72,
        0
      ],
      "indexes": [
        0,
        1,
        2,
        2,
        1,
        3
      ],
      "uv": [
        66,
        150,
        90,
        150,
        66,
        6,
        90,
        6
      ],
      "nuv": [
        0.4258064516129032,
        0.03870967741935484,
        0.5806451612903226,
        0.03870967741935484,
        0.4258064516129032,
        0.967741935483871,
        0.5806451612903226,
        0.967741935483871
      ],
      "minPos": {
        "x": -12,
        "y": -72,
        "z": 0
      },
      "maxPos": {
        "x": 12,
        "y": 72,
        "z": 0
      }
    },
    "texture": "18ba6b2c-76c1-4137-beec-cabdb62c1a2e@6c48a",
    "packable": true,
    "pixelsToUnit": 100,
    "pivot": {
      "x": 0.5,
      "y": 0.5
    },
    "meshType": 0
  }
}