{
  "__type__": "cc.SpriteFrame",
  "content": {
    "name": "table 3",
    "atlas": "",
    "rect": {
      "x": 2,
      "y": 2,
      "width": 498,
      "height": 498
    },
    "offset": {
      "x": -3,
      "y": 0
    },
    "originalSize": {
      "width": 508,
      "height": 502
    },
    "rotated": false,
    "capInsets": [
      0,
      0,
      0,
      0
    ],
    "vertices": {
      "rawPosition": [
        -249,
        -249,
        0,
        249,
        -249,
        0,
        -249,
        249,
        0,
        249,
        249,
        0
      ],
      "indexes": [
        0,
        1,
        2,
        2,
        1,
        3
      ],
      "uv": [
        2,
        500,
        500,
        500,
        2,
        2,
        500,
        2
      ],
      "nuv": [
        0.003937007874015748,
        0.00398406374501992,
        0.984251968503937,
        0.00398406374501992,
        0.003937007874015748,
        0.9960159362549801,
        0.984251968503937,
        0.9960159362549801
      ],
      "minPos": {
        "x": -249,
        "y": -249,
        "z": 0
      },
      "maxPos": {
        "x": 249,
        "y": 249,
        "z": 0
      }
    },
    "texture": "ddceee3d-910f-4f4e-a8f9-299aee4833a1@6c48a",
    "packable": true,
    "pixelsToUnit": 100,
    "pivot": {
      "x": 0.5,
      "y": 0.5
    },
    "meshType": 0
  }
}