{
  "__type__": "cc.SpriteFrame",
  "content": {
    "name": "10k",
    "atlas": "",
    "rect": {
      "x": 3,
      "y": 0,
      "width": 294,
      "height": 186
    },
    "offset": {
      "x": 1.5,
      "y": 0
    },
    "originalSize": {
      "width": 297,
      "height": 186
    },
    "rotated": false,
    "capInsets": [
      0,
      0,
      0,
      0
    ],
    "vertices": {
      "rawPosition": [
        -147,
        -93,
        0,
        147,
        -93,
        0,
        -147,
        93,
        0,
        147,
        93,
        0
      ],
      "indexes": [
        0,
        1,
        2,
        2,
        1,
        3
      ],
      "uv": [
        3,
        186,
        297,
        186,
        3,
        0,
        297,
        0
      ],
      "nuv": [
        0.010101010101010102,
        0,
        1,
        0,
        0.010101010101010102,
        1,
        1,
        1
      ],
      "minPos": {
        "x": -147,
        "y": -93,
        "z": 0
      },
      "maxPos": {
        "x": 147,
        "y": 93,
        "z": 0
      }
    },
    "texture": "8479da28-4351-4a6c-96d5-4ecdfe039a17@6c48a",
    "packable": true,
    "pixelsToUnit": 100,
    "pivot": {
      "x": 0.5,
      "y": 0.5
    },
    "meshType": 0
  }
}