{
  "__type__": "cc.SpriteFrame",
  "content": {
    "name": "table 7",
    "atlas": "",
    "rect": {
      "x": 1,
      "y": 0,
      "width": 1043,
      "height": 66
    },
    "offset": {
      "x": 0.5,
      "y": 0
    },
    "originalSize": {
      "width": 1044,
      "height": 66
    },
    "rotated": false,
    "capInsets": [
      0,
      0,
      0,
      0
    ],
    "vertices": {
      "rawPosition": [
        -521.5,
        -33,
        0,
        521.5,
        -33,
        0,
        -521.5,
        33,
        0,
        521.5,
        33,
        0
      ],
      "indexes": [
        0,
        1,
        2,
        2,
        1,
        3
      ],
      "uv": [
        1,
        66,
        1044,
        66,
        1,
        0,
        1044,
        0
      ],
      "nuv": [
        0.0009578544061302681,
        0,
        1,
        0,
        0.0009578544061302681,
        1,
        1,
        1
      ],
      "minPos": {
        "x": -521.5,
        "y": -33,
        "z": 0
      },
      "maxPos": {
        "x": 521.5,
        "y": 33,
        "z": 0
      }
    },
    "texture": "84a0acf4-0f58-44e2-a99b-75a7049225ba@6c48a",
    "packable": true,
    "pixelsToUnit": 100,
    "pivot": {
      "x": 0.5,
      "y": 0.5
    },
    "meshType": 0
  }
}