{
  "__type__": "cc.SpriteFrame",
  "content": {
    "name": "table 30",
    "atlas": "",
    "rect": {
      "x": 0,
      "y": 3,
      "width": 135,
      "height": 134
    },
    "offset": {
      "x": -0.5,
      "y": -1
    },
    "originalSize": {
      "width": 136,
      "height": 138
    },
    "rotated": false,
    "capInsets": [
      0,
      0,
      0,
      0
    ],
    "vertices": {
      "rawPosition": [
        -67.5,
        -67,
        0,
        67.5,
        -67,
        0,
        -67.5,
        67,
        0,
        67.5,
        67,
        0
      ],
      "indexes": [
        0,
        1,
        2,
        2,
        1,
        3
      ],
      "uv": [
        0,
        135,
        135,
        135,
        0,
        1,
        135,
        1
      ],
      "nuv": [
        0,
        0.007246376811594203,
        0.9926470588235294,
        0.007246376811594203,
        0,
        0.9782608695652174,
        0.9926470588235294,
        0.9782608695652174
      ],
      "minPos": {
        "x": -67.5,
        "y": -67,
        "z": 0
      },
      "maxPos": {
        "x": 67.5,
        "y": 67,
        "z": 0
      }
    },
    "texture": "c517b9e3-354a-4e93-a4c4-07672664bb65@6c48a",
    "packable": true,
    "pixelsToUnit": 100,
    "pivot": {
      "x": 0.5,
      "y": 0.5
    },
    "meshType": 0
  }
}