{
  "__type__": "cc.SpriteFrame",
  "content": {
    "name": "6",
    "atlas": "",
    "rect": {
      "x": 10,
      "y": 7,
      "width": 139,
      "height": 142
    },
    "offset": {
      "x": 2,
      "y": -0.5
    },
    "originalSize": {
      "width": 155,
      "height": 155
    },
    "rotated": false,
    "capInsets": [
      0,
      0,
      0,
      0
    ],
    "vertices": {
      "rawPosition": [
        -69.5,
        -71,
        0,
        69.5,
        -71,
        0,
        -69.5,
        71,
        0,
        69.5,
        71,
        0
      ],
      "indexes": [
        0,
        1,
        2,
        2,
        1,
        3
      ],
      "uv": [
        10,
        148,
        149,
        148,
        10,
        6,
        149,
        6
      ],
      "nuv": [
        0.06451612903225806,
        0.03870967741935484,
        0.9612903225806452,
        0.03870967741935484,
        0.06451612903225806,
        0.9548387096774194,
        0.9612903225806452,
        0.9548387096774194
      ],
      "minPos": {
        "x": -69.5,
        "y": -71,
        "z": 0
      },
      "maxPos": {
        "x": 69.5,
        "y": 71,
        "z": 0
      }
    },
    "texture": "c5d33264-e074-4fe6-8828-68e6e5d6c363@6c48a",
    "packable": true,
    "pixelsToUnit": 100,
    "pivot": {
      "x": 0.5,
      "y": 0.5
    },
    "meshType": 0
  }
}