{
  "__type__": "cc.SpriteFrame",
  "content": {
    "name": "Unnamed-2",
    "atlas": "",
    "rect": {
      "x": 1,
      "y": 1,
      "width": 704,
      "height": 704
    },
    "offset": {
      "x": 0,
      "y": 0
    },
    "originalSize": {
      "width": 706,
      "height": 706
    },
    "rotated": false,
    "capInsets": [
      0,
      0,
      0,
      0
    ],
    "vertices": {
      "rawPosition": [
        -352,
        -352,
        0,
        352,
        -352,
        0,
        -352,
        352,
        0,
        352,
        352,
        0
      ],
      "indexes": [
        0,
        1,
        2,
        2,
        1,
        3
      ],
      "uv": [
        1,
        705,
        705,
        705,
        1,
        1,
        705,
        1
      ],
      "nuv": [
        0.00141643059490085,
        0.00141643059490085,
        0.9985835694050992,
        0.00141643059490085,
        0.00141643059490085,
        0.9985835694050992,
        0.9985835694050992,
        0.9985835694050992
      ],
      "minPos": {
        "x": -352,
        "y": -352,
        "z": 0
      },
      "maxPos": {
        "x": 352,
        "y": 352,
        "z": 0
      }
    },
    "texture": "6ec1c9c7-92a3-4089-b0b7-03ee6c89e62b@6c48a",
    "packable": true,
    "pixelsToUnit": 100,
    "pivot": {
      "x": 0.5,
      "y": 0.5
    },
    "meshType": 0
  }
}