{
  "__type__": "cc.SpriteFrame",
  "content": {
    "name": "effect 15",
    "atlas": "",
    "rect": {
      "x": 0,
      "y": 0,
      "width": 422,
      "height": 342
    },
    "offset": {
      "x": -7,
      "y": 0
    },
    "originalSize": {
      "width": 436,
      "height": 342
    },
    "rotated": false,
    "capInsets": [
      0,
      0,
      0,
      0
    ],
    "vertices": {
      "rawPosition": [
        -211,
        -171,
        0,
        211,
        -171,
        0,
        -211,
        171,
        0,
        211,
        171,
        0
      ],
      "indexes": [
        0,
        1,
        2,
        2,
        1,
        3
      ],
      "uv": [
        0,
        342,
        422,
        342,
        0,
        0,
        422,
        0
      ],
      "nuv": [
        0,
        0,
        0.9678899082568807,
        0,
        0,
        1,
        0.9678899082568807,
        1
      ],
      "minPos": {
        "x": -211,
        "y": -171,
        "z": 0
      },
      "maxPos": {
        "x": 211,
        "y": 171,
        "z": 0
      }
    },
    "texture": "6ee002d1-a9d6-4b77-99f4-137c93009ba9@6c48a",
    "packable": true,
    "pixelsToUnit": 100,
    "pivot": {
      "x": 0.5,
      "y": 0.5
    },
    "meshType": 0
  }
}