{
  "__type__": "cc.SpriteFrame",
  "content": {
    "name": "7",
    "atlas": "",
    "rect": {
      "x": 7,
      "y": 6,
      "width": 141,
      "height": 142
    },
    "offset": {
      "x": 0,
      "y": 0.5
    },
    "originalSize": {
      "width": 155,
      "height": 155
    },
    "rotated": false,
    "capInsets": [
      0,
      0,
      0,
      0
    ],
    "vertices": {
      "rawPosition": [
        -70.5,
        -71,
        0,
        70.5,
        -71,
        0,
        -70.5,
        71,
        0,
        70.5,
        71,
        0
      ],
      "indexes": [
        0,
        1,
        2,
        2,
        1,
        3
      ],
      "uv": [
        7,
        149,
        148,
        149,
        7,
        7,
        148,
        7
      ],
      "nuv": [
        0.04516129032258064,
        0.04516129032258064,
        0.9548387096774194,
        0.04516129032258064,
        0.04516129032258064,
        0.9612903225806452,
        0.9548387096774194,
        0.9612903225806452
      ],
      "minPos": {
        "x": -70.5,
        "y": -71,
        "z": 0
      },
      "maxPos": {
        "x": 70.5,
        "y": 71,
        "z": 0
      }
    },
    "texture": "094bae72-c429-49a6-9387-94589d2b0f7d@6c48a",
    "packable": true,
    "pixelsToUnit": 100,
    "pivot": {
      "x": 0.5,
      "y": 0.5
    },
    "meshType": 0
  }
}