{
  "__type__": "cc.SpriteFrame",
  "content": {
    "name": "background",
    "atlas": "",
    "rect": {
      "x": 1,
      "y": 0,
      "width": 1557,
      "height": 720
    },
    "offset": {
      "x": -0.5,
      "y": 0
    },
    "originalSize": {
      "width": 1560,
      "height": 720
    },
    "rotated": false,
    "capInsets": [
      0,
      0,
      0,
      0
    ],
    "vertices": {
      "rawPosition": [
        -778.5,
        -360,
        0,
        778.5,
        -360,
        0,
        -778.5,
        360,
        0,
        778.5,
        360,
        0
      ],
      "indexes": [
        0,
        1,
        2,
        2,
        1,
        3
      ],
      "uv": [
        1,
        720,
        1558,
        720,
        1,
        0,
        1558,
        0
      ],
      "nuv": [
        0.000641025641025641,
        0,
        0.9987179487179487,
        0,
        0.000641025641025641,
        1,
        0.9987179487179487,
        1
      ],
      "minPos": {
        "x": -778.5,
        "y": -360,
        "z": 0
      },
      "maxPos": {
        "x": 778.5,
        "y": 360,
        "z": 0
      }
    },
    "texture": "65709975-ee1d-4ab0-87f9-f0a4e65c842f@6c48a",
    "packable": true,
    "pixelsToUnit": 100,
    "pivot": {
      "x": 0.5,
      "y": 0.5
    },
    "meshType": 0
  }
}