{
  "__type__": "cc.SpriteFrame",
  "content": {
    "name": "Config",
    "atlas": "",
    "rect": {
      "x": 51,
      "y": 0,
      "width": 860,
      "height": 26
    },
    "offset": {
      "x": 3,
      "y": 0
    },
    "originalSize": {
      "width": 956,
      "height": 26
    },
    "rotated": false,
    "capInsets": [
      313,
      5,
      313,
      6
    ],
    "vertices": {
      "rawPosition": [
        -430,
        -13,
        0,
        430,
        -13,
        0,
        -430,
        13,
        0,
        430,
        13,
        0
      ],
      "indexes": [
        0,
        1,
        2,
        2,
        1,
        3
      ],
      "uv": [
        51,
        26,
        911,
        26,
        51,
        0,
        911,
        0
      ],
      "nuv": [
        0.053347280334728034,
        0,
        0.952928870292887,
        0,
        0.053347280334728034,
        1,
        0.952928870292887,
        1
      ],
      "minPos": {
        "x": -430,
        "y": -13,
        "z": 0
      },
      "maxPos": {
        "x": 430,
        "y": 13,
        "z": 0
      }
    },
    "texture": "3375cfe0-fd10-4bad-bb98-a443189b8a4f@6c48a",
    "packable": true,
    "pixelsToUnit": 100,
    "pivot": {
      "x": 0.5,
      "y": 0.5
    },
    "meshType": 0
  }
}