{
  "__type__": "cc.SpriteFrame",
  "content": {
    "name": "white",
    "atlas": "",
    "rect": {
      "x": 1,
      "y": 0,
      "width": 27,
      "height": 29
    },
    "offset": {
      "x": -0.5,
      "y": 2
    },
    "originalSize": {
      "width": 30,
      "height": 33
    },
    "rotated": false,
    "capInsets": [
      0,
      0,
      0,
      0
    ],
    "vertices": {
      "rawPosition": [
        -13.5,
        -14.5,
        0,
        13.5,
        -14.5,
        0,
        -13.5,
        14.5,
        0,
        13.5,
        14.5,
        0
      ],
      "indexes": [
        0,
        1,
        2,
        2,
        1,
        3
      ],
      "uv": [
        1,
        33,
        28,
        33,
        1,
        4,
        28,
        4
      ],
      "nuv": [
        0.03333333333333333,
        0.12121212121212122,
        0.9333333333333333,
        0.12121212121212122,
        0.03333333333333333,
        1,
        0.9333333333333333,
        1
      ],
      "minPos": {
        "x": -13.5,
        "y": -14.5,
        "z": 0
      },
      "maxPos": {
        "x": 13.5,
        "y": 14.5,
        "z": 0
      }
    },
    "texture": "33a4aff1-6db0-4215-a47f-4ea3868e78b6@6c48a",
    "packable": true,
    "pixelsToUnit": 100,
    "pivot": {
      "x": 0.5,
      "y": 0.5
    },
    "meshType": 0
  }
}