{
  "__type__": "cc.SpriteFrame",
  "content": {
    "name": "71590457-a206-4570-af28-703f391219ab.17ddc (1)-fotor-20240319134515",
    "atlas": "",
    "rect": {
      "x": 0,
      "y": 1,
      "width": 56,
      "height": 1114
    },
    "offset": {
      "x": 0,
      "y": -0.5
    },
    "originalSize": {
      "width": 56,
      "height": 1115
    },
    "rotated": false,
    "capInsets": [
      0,
      374,
      8,
      374
    ],
    "vertices": {
      "rawPosition": [
        -28,
        -557,
        0,
        28,
        -557,
        0,
        -28,
        557,
        0,
        28,
        557,
        0
      ],
      "indexes": [
        0,
        1,
        2,
        2,
        1,
        3
      ],
      "uv": [
        0,
        1114,
        56,
        1114,
        0,
        0,
        56,
        0
      ],
      "nuv": [
        0,
        0,
        1,
        0,
        0,
        0.9991031390134529,
        1,
        0.9991031390134529
      ],
      "minPos": {
        "x": -28,
        "y": -557,
        "z": 0
      },
      "maxPos": {
        "x": 28,
        "y": 557,
        "z": 0
      }
    },
    "texture": "55b50f47-a8f9-4c06-8373-a0bb908629f1@6c48a",
    "packable": true,
    "pixelsToUnit": 100,
    "pivot": {
      "x": 0.5,
      "y": 0.5
    },
    "meshType": 0
  }
}