{
  "__type__": "cc.SpriteFrame",
  "content": {
    "name": "dice 14",
    "atlas": "",
    "rect": {
      "x": 2,
      "y": 4,
      "width": 274,
      "height": 136
    },
    "offset": {
      "x": -2,
      "y": 2
    },
    "originalSize": {
      "width": 282,
      "height": 148
    },
    "rotated": false,
    "capInsets": [
      0,
      0,
      0,
      0
    ],
    "vertices": {
      "rawPosition": [
        -137,
        -68,
        0,
        137,
        -68,
        0,
        -137,
        68,
        0,
        137,
        68,
        0
      ],
      "indexes": [
        0,
        1,
        2,
        2,
        1,
        3
      ],
      "uv": [
        2,
        144,
        276,
        144,
        2,
        8,
        276,
        8
      ],
      "nuv": [
        0.0070921985815602835,
        0.05405405405405406,
        0.9787234042553191,
        0.05405405405405406,
        0.0070921985815602835,
        0.972972972972973,
        0.9787234042553191,
        0.972972972972973
      ],
      "minPos": {
        "x": -137,
        "y": -68,
        "z": 0
      },
      "maxPos": {
        "x": 137,
        "y": 68,
        "z": 0
      }
    },
    "texture": "411470d0-7582-4ca3-bb35-72b71320a19a@6c48a",
    "packable": true,
    "pixelsToUnit": 100,
    "pivot": {
      "x": 0.5,
      "y": 0.5
    },
    "meshType": 0
  }
}