{
  "__type__": "cc.SpriteFrame",
  "content": {
    "name": "dice 15",
    "atlas": "",
    "rect": {
      "x": 2,
      "y": 6,
      "width": 274,
      "height": 136
    },
    "offset": {
      "x": -2,
      "y": -1
    },
    "originalSize": {
      "width": 282,
      "height": 146
    },
    "rotated": false,
    "capInsets": [
      0,
      0,
      0,
      0
    ],
    "vertices": {
      "rawPosition": [
        -137,
        -68,
        0,
        137,
        -68,
        0,
        -137,
        68,
        0,
        137,
        68,
        0
      ],
      "indexes": [
        0,
        1,
        2,
        2,
        1,
        3
      ],
      "uv": [
        2,
        140,
        276,
        140,
        2,
        4,
        276,
        4
      ],
      "nuv": [
        0.0070921985815602835,
        0.0273972602739726,
        0.9787234042553191,
        0.0273972602739726,
        0.0070921985815602835,
        0.958904109589041,
        0.9787234042553191,
        0.958904109589041
      ],
      "minPos": {
        "x": -137,
        "y": -68,
        "z": 0
      },
      "maxPos": {
        "x": 137,
        "y": 68,
        "z": 0
      }
    },
    "texture": "1e165abc-44b5-491f-aa89-47216bc9dc66@6c48a",
    "packable": true,
    "pixelsToUnit": 100,
    "pivot": {
      "x": 0.5,
      "y": 0.5
    },
    "meshType": 0
  }
}