{
  "__type__": "cc.SpriteFrame",
  "content": {
    "name": "826aa8f8-eeaf-469f-8498-bf3669aa8eb6.726ba-fotor-2024031914742",
    "atlas": "",
    "rect": {
      "x": 1,
      "y": 0,
      "width": 168,
      "height": 173
    },
    "offset": {
      "x": 0.5,
      "y": 0
    },
    "originalSize": {
      "width": 169,
      "height": 173
    },
    "rotated": false,
    "capInsets": [
      0,
      0,
      0,
      0
    ],
    "vertices": {
      "rawPosition": [
        -84,
        -86.5,
        0,
        84,
        -86.5,
        0,
        -84,
        86.5,
        0,
        84,
        86.5,
        0
      ],
      "indexes": [
        0,
        1,
        2,
        2,
        1,
        3
      ],
      "uv": [
        1,
        173,
        169,
        173,
        1,
        0,
        169,
        0
      ],
      "nuv": [
        0.005917159763313609,
        0,
        1,
        0,
        0.005917159763313609,
        1,
        1,
        1
      ],
      "minPos": {
        "x": -84,
        "y": -86.5,
        "z": 0
      },
      "maxPos": {
        "x": 84,
        "y": 86.5,
        "z": 0
      }
    },
    "texture": "b1485726-e914-4b03-a1de-c96ec8ce60cb@6c48a",
    "packable": true,
    "pixelsToUnit": 100,
    "pivot": {
      "x": 0.5,
      "y": 0.5
    },
    "meshType": 0
  }
}