{
  "__type__": "cc.SpriteFrame",
  "content": {
    "name": "dice 7",
    "atlas": "",
    "rect": {
      "x": 0,
      "y": 1,
      "width": 128,
      "height": 195
    },
    "offset": {
      "x": -4,
      "y": 1.5
    },
    "originalSize": {
      "width": 136,
      "height": 200
    },
    "rotated": false,
    "capInsets": [
      0,
      0,
      0,
      0
    ],
    "vertices": {
      "rawPosition": [
        -64,
        -97.5,
        0,
        64,
        -97.5,
        0,
        -64,
        97.5,
        0,
        64,
        97.5,
        0
      ],
      "indexes": [
        0,
        1,
        2,
        2,
        1,
        3
      ],
      "uv": [
        0,
        199,
        128,
        199,
        0,
        4,
        128,
        4
      ],
      "nuv": [
        0,
        0.02,
        0.9411764705882353,
        0.02,
        0,
        0.995,
        0.9411764705882353,
        0.995
      ],
      "minPos": {
        "x": -64,
        "y": -97.5,
        "z": 0
      },
      "maxPos": {
        "x": 64,
        "y": 97.5,
        "z": 0
      }
    },
    "texture": "b14cab26-9bbe-4d2e-b1d6-f552fd02fa0b@6c48a",
    "packable": true,
    "pixelsToUnit": 100,
    "pivot": {
      "x": 0.5,
      "y": 0.5
    },
    "meshType": 0
  }
}