{
  "__type__": "cc.SpriteFrame",
  "content": {
    "name": "table 1",
    "atlas": "",
    "rect": {
      "x": 8,
      "y": 2,
      "width": 1752,
      "height": 814
    },
    "offset": {
      "x": 3,
      "y": -1
    },
    "originalSize": {
      "width": 1762,
      "height": 816
    },
    "rotated": false,
    "capInsets": [
      0,
      0,
      0,
      0
    ],
    "vertices": {
      "rawPosition": [
        -876,
        -407,
        0,
        876,
        -407,
        0,
        -876,
        407,
        0,
        876,
        407,
        0
      ],
      "indexes": [
        0,
        1,
        2,
        2,
        1,
        3
      ],
      "uv": [
        8,
        814,
        1760,
        814,
        8,
        0,
        1760,
        0
      ],
      "nuv": [
        0.004540295119182747,
        0,
        0.9988649262202043,
        0,
        0.004540295119182747,
        0.9975490196078431,
        0.9988649262202043,
        0.9975490196078431
      ],
      "minPos": {
        "x": -876,
        "y": -407,
        "z": 0
      },
      "maxPos": {
        "x": 876,
        "y": 407,
        "z": 0
      }
    },
    "texture": "5d2fc8aa-1f02-4a14-931a-1fdb2f67e138@6c48a",
    "packable": true,
    "pixelsToUnit": 100,
    "pivot": {
      "x": 0.5,
      "y": 0.5
    },
    "meshType": 0
  }
}