{
  "__type__": "cc.SpriteFrame",
  "content": {
    "name": "photo_2024-03-18_10-57-21@3x 16",
    "atlas": "",
    "rect": {
      "x": 32,
      "y": 23,
      "width": 460,
      "height": 1204
    },
    "offset": {
      "x": 16,
      "y": -7
    },
    "originalSize": {
      "width": 492,
      "height": 1236
    },
    "rotated": false,
    "capInsets": [
      0,
      0,
      0,
      0
    ],
    "vertices": {
      "rawPosition": [
        -230,
        -602,
        0,
        230,
        -602,
        0,
        -230,
        602,
        0,
        230,
        602,
        0
      ],
      "indexes": [
        0,
        1,
        2,
        2,
        1,
        3
      ],
      "uv": [
        32,
        1213,
        492,
        1213,
        32,
        9,
        492,
        9
      ],
      "nuv": [
        0.06504065040650407,
        0.007281553398058253,
        1,
        0.007281553398058253,
        0.06504065040650407,
        0.9813915857605178,
        1,
        0.9813915857605178
      ],
      "minPos": {
        "x": -230,
        "y": -602,
        "z": 0
      },
      "maxPos": {
        "x": 230,
        "y": 602,
        "z": 0
      }
    },
    "texture": "ee1ec87d-b7b3-4571-807b-a389ef1861f2@6c48a",
    "packable": true,
    "pixelsToUnit": 100,
    "pivot": {
      "x": 0.5,
      "y": 0.5
    },
    "meshType": 0
  }
}