{
  "__type__": "cc.SpriteFrame",
  "content": {
    "name": "13dbcc05-9c74-4606-870c-be9475b2a2cb.90faf-fotor-20240327154317",
    "atlas": "",
    "rect": {
      "x": 4,
      "y": 0,
      "width": 92,
      "height": 93
    },
    "offset": {
      "x": 2,
      "y": 1.5
    },
    "originalSize": {
      "width": 96,
      "height": 96
    },
    "rotated": false,
    "capInsets": [
      0,
      0,
      0,
      0
    ],
    "vertices": {
      "rawPosition": [
        -46,
        -46.5,
        0,
        46,
        -46.5,
        0,
        -46,
        46.5,
        0,
        46,
        46.5,
        0
      ],
      "indexes": [
        0,
        1,
        2,
        2,
        1,
        3
      ],
      "uv": [
        4,
        96,
        96,
        96,
        4,
        3,
        96,
        3
      ],
      "nuv": [
        0.041666666666666664,
        0.03125,
        1,
        0.03125,
        0.041666666666666664,
        1,
        1,
        1
      ],
      "minPos": {
        "x": -46,
        "y": -46.5,
        "z": 0
      },
      "maxPos": {
        "x": 46,
        "y": 46.5,
        "z": 0
      }
    },
    "texture": "32dfce5f-8242-4432-8cde-339bd83456d8@6c48a",
    "packable": true,
    "pixelsToUnit": 100,
    "pivot": {
      "x": 0.5,
      "y": 0.5
    },
    "meshType": 0
  }
}