{
  "__type__": "cc.SpriteFrame",
  "content": {
    "name": "dice 1",
    "atlas": "",
    "rect": {
      "x": 8,
      "y": 14,
      "width": 118,
      "height": 194
    },
    "offset": {
      "x": 0,
      "y": -6
    },
    "originalSize": {
      "width": 134,
      "height": 210
    },
    "rotated": false,
    "capInsets": [
      0,
      0,
      0,
      0
    ],
    "vertices": {
      "rawPosition": [
        -59,
        -97,
        0,
        59,
        -97,
        0,
        -59,
        97,
        0,
        59,
        97,
        0
      ],
      "indexes": [
        0,
        1,
        2,
        2,
        1,
        3
      ],
      "uv": [
        8,
        196,
        126,
        196,
        8,
        2,
        126,
        2
      ],
      "nuv": [
        0.05970149253731343,
        0.009523809523809525,
        0.9402985074626866,
        0.009523809523809525,
        0.05970149253731343,
        0.9333333333333333,
        0.9402985074626866,
        0.9333333333333333
      ],
      "minPos": {
        "x": -59,
        "y": -97,
        "z": 0
      },
      "maxPos": {
        "x": 59,
        "y": 97,
        "z": 0
      }
    },
    "texture": "8ec99678-7b64-44e8-a01e-4f15ca255d0c@6c48a",
    "packable": true,
    "pixelsToUnit": 100,
    "pivot": {
      "x": 0.5,
      "y": 0.5
    },
    "meshType": 0
  }
}