{
  "__type__": "cc.SpriteFrame",
  "content": {
    "name": "tile006",
    "atlas": "",
    "rect": {
      "x": 13,
      "y": 0,
      "width": 20,
      "height": 21
    },
    "offset": {
      "x": 6.5,
      "y": 2.5
    },
    "originalSize": {
      "width": 33,
      "height": 26
    },
    "rotated": false,
    "capInsets": [
      0,
      0,
      0,
      0
    ],
    "vertices": {
      "rawPosition": [
        -10,
        -10.5,
        0,
        10,
        -10.5,
        0,
        -10,
        10.5,
        0,
        10,
        10.5,
        0
      ],
      "indexes": [
        0,
        1,
        2,
        2,
        1,
        3
      ],
      "uv": [
        13,
        26,
        33,
        26,
        13,
        5,
        33,
        5
      ],
      "nuv": [
        0.3939393939393939,
        0.19230769230769232,
        1,
        0.19230769230769232,
        0.3939393939393939,
        1,
        1,
        1
      ],
      "minPos": {
        "x": -10,
        "y": -10.5,
        "z": 0
      },
      "maxPos": {
        "x": 10,
        "y": 10.5,
        "z": 0
      }
    },
    "texture": "e429b04c-7492-4bbe-ba47-af8331830506@6c48a",
    "packable": true,
    "pixelsToUnit": 100,
    "pivot": {
      "x": 0.5,
      "y": 0.5
    },
    "meshType": 0
  }
}