{
  "__type__": "cc.SpriteFrame",
  "content": {
    "name": "tile010",
    "atlas": "",
    "rect": {
      "x": 0,
      "y": 0,
      "width": 33,
      "height": 25
    },
    "offset": {
      "x": 0,
      "y": 0.5
    },
    "originalSize": {
      "width": 33,
      "height": 26
    },
    "rotated": false,
    "capInsets": [
      0,
      0,
      0,
      0
    ],
    "vertices": {
      "rawPosition": [
        -16.5,
        -12.5,
        0,
        16.5,
        -12.5,
        0,
        -16.5,
        12.5,
        0,
        16.5,
        12.5,
        0
      ],
      "indexes": [
        0,
        1,
        2,
        2,
        1,
        3
      ],
      "uv": [
        0,
        26,
        33,
        26,
        0,
        1,
        33,
        1
      ],
      "nuv": [
        0,
        0.038461538461538464,
        1,
        0.038461538461538464,
        0,
        1,
        1,
        1
      ],
      "minPos": {
        "x": -16.5,
        "y": -12.5,
        "z": 0
      },
      "maxPos": {
        "x": 16.5,
        "y": 12.5,
        "z": 0
      }
    },
    "texture": "e4844504-d252-4337-9c62-a7478c624439@6c48a",
    "packable": true,
    "pixelsToUnit": 100,
    "pivot": {
      "x": 0.5,
      "y": 0.5
    },
    "meshType": 0
  }
}