{
  "__type__": "cc.SpriteFrame",
  "content": {
    "name": "dice 12",
    "atlas": "",
    "rect": {
      "x": 2,
      "y": 6,
      "width": 136,
      "height": 274
    },
    "offset": {
      "x": 1,
      "y": 1
    },
    "originalSize": {
      "width": 138,
      "height": 288
    },
    "rotated": false,
    "capInsets": [
      0,
      0,
      0,
      0
    ],
    "vertices": {
      "rawPosition": [
        -68,
        -137,
        0,
        68,
        -137,
        0,
        -68,
        137,
        0,
        68,
        137,
        0
      ],
      "indexes": [
        0,
        1,
        2,
        2,
        1,
        3
      ],
      "uv": [
        2,
        282,
        138,
        282,
        2,
        8,
        138,
        8
      ],
      "nuv": [
        0.014492753623188406,
        0.027777777777777776,
        1,
        0.027777777777777776,
        0.014492753623188406,
        0.9791666666666666,
        1,
        0.9791666666666666
      ],
      "minPos": {
        "x": -68,
        "y": -137,
        "z": 0
      },
      "maxPos": {
        "x": 68,
        "y": 137,
        "z": 0
      }
    },
    "texture": "71b37b8e-ad13-4e61-968e-6d2a1753dfb3@6c48a",
    "packable": true,
    "pixelsToUnit": 100,
    "pivot": {
      "x": 0.5,
      "y": 0.5
    },
    "meshType": 0
  }
}