{
  "__type__": "cc.SpriteFrame",
  "content": {
    "name": "table 65",
    "atlas": "",
    "rect": {
      "x": 15,
      "y": 0,
      "width": 829,
      "height": 153
    },
    "offset": {
      "x": 6.5,
      "y": 0
    },
    "originalSize": {
      "width": 846,
      "height": 153
    },
    "rotated": false,
    "capInsets": [
      102,
      28,
      68,
      36
    ],
    "vertices": {
      "rawPosition": [
        -414.5,
        -76.5,
        0,
        414.5,
        -76.5,
        0,
        -414.5,
        76.5,
        0,
        414.5,
        76.5,
        0
      ],
      "indexes": [
        0,
        1,
        2,
        2,
        1,
        3
      ],
      "uv": [
        15,
        153,
        844,
        153,
        15,
        0,
        844,
        0
      ],
      "nuv": [
        0.01773049645390071,
        0,
        0.9976359338061466,
        0,
        0.01773049645390071,
        1,
        0.9976359338061466,
        1
      ],
      "minPos": {
        "x": -414.5,
        "y": -76.5,
        "z": 0
      },
      "maxPos": {
        "x": 414.5,
        "y": 76.5,
        "z": 0
      }
    },
    "texture": "82153282-f643-4129-9d71-05b1d0bc7c1e@6c48a",
    "packable": true,
    "pixelsToUnit": 100,
    "pivot": {
      "x": 0.5,
      "y": 0.5
    },
    "meshType": 0
  }
}