{
  "__type__": "cc.SpriteFrame",
  "content": {
    "name": "1",
    "atlas": "",
    "rect": {
      "x": 8,
      "y": 7,
      "width": 140,
      "height": 142
    },
    "offset": {
      "x": 0.5,
      "y": -0.5
    },
    "originalSize": {
      "width": 155,
      "height": 155
    },
    "rotated": false,
    "capInsets": [
      0,
      0,
      0,
      0
    ],
    "vertices": {
      "rawPosition": [
        -70,
        -71,
        0,
        70,
        -71,
        0,
        -70,
        71,
        0,
        70,
        71,
        0
      ],
      "indexes": [
        0,
        1,
        2,
        2,
        1,
        3
      ],
      "uv": [
        8,
        148,
        148,
        148,
        8,
        6,
        148,
        6
      ],
      "nuv": [
        0.05161290322580645,
        0.03870967741935484,
        0.9548387096774194,
        0.03870967741935484,
        0.05161290322580645,
        0.9548387096774194,
        0.9548387096774194,
        0.9548387096774194
      ],
      "minPos": {
        "x": -70,
        "y": -71,
        "z": 0
      },
      "maxPos": {
        "x": 70,
        "y": 71,
        "z": 0
      }
    },
    "texture": "217c7513-5d4c-4d01-b750-1f2953d5ba21@6c48a",
    "packable": true,
    "pixelsToUnit": 100,
    "pivot": {
      "x": 0.5,
      "y": 0.5
    },
    "meshType": 0
  }
}