{
  "__type__": "cc.SpriteFrame",
  "content": {
    "name": "Rank1",
    "atlas": "",
    "rect": {
      "x": 3,
      "y": 2,
      "width": 60,
      "height": 65
    },
    "offset": {
      "x": 0.5,
      "y": -1
    },
    "originalSize": {
      "width": 65,
      "height": 67
    },
    "rotated": false,
    "capInsets": [
      0,
      0,
      0,
      0
    ],
    "vertices": {
      "rawPosition": [
        -30,
        -32.5,
        0,
        30,
        -32.5,
        0,
        -30,
        32.5,
        0,
        30,
        32.5,
        0
      ],
      "indexes": [
        0,
        1,
        2,
        2,
        1,
        3
      ],
      "uv": [
        3,
        65,
        63,
        65,
        3,
        0,
        63,
        0
      ],
      "nuv": [
        0.046153846153846156,
        0,
        0.9692307692307692,
        0,
        0.046153846153846156,
        0.9701492537313433,
        0.9692307692307692,
        0.9701492537313433
      ],
      "minPos": {
        "x": -30,
        "y": -32.5,
        "z": 0
      },
      "maxPos": {
        "x": 30,
        "y": 32.5,
        "z": 0
      }
    },
    "texture": "c7521b91-6994-4648-8e6d-d964a067b1a2@6c48a",
    "packable": true,
    "pixelsToUnit": 100,
    "pivot": {
      "x": 0.5,
      "y": 0.5
    },
    "meshType": 0
  }
}