{
  "__type__": "cc.SpriteFrame",
  "content": {
    "name": "6",
    "atlas": "",
    "rect": {
      "x": 0,
      "y": 3,
      "width": 72,
      "height": 73
    },
    "offset": {
      "x": -2,
      "y": -1.5
    },
    "originalSize": {
      "width": 76,
      "height": 76
    },
    "rotated": false,
    "capInsets": [
      0,
      0,
      0,
      0
    ],
    "vertices": {
      "rawPosition": [
        -36,
        -36.5,
        0,
        36,
        -36.5,
        0,
        -36,
        36.5,
        0,
        36,
        36.5,
        0
      ],
      "indexes": [
        0,
        1,
        2,
        2,
        1,
        3
      ],
      "uv": [
        0,
        73,
        72,
        73,
        0,
        0,
        72,
        0
      ],
      "nuv": [
        0,
        0,
        0.9473684210526315,
        0,
        0,
        0.9605263157894737,
        0.9473684210526315,
        0.9605263157894737
      ],
      "minPos": {
        "x": -36,
        "y": -36.5,
        "z": 0
      },
      "maxPos": {
        "x": 36,
        "y": 36.5,
        "z": 0
      }
    },
    "texture": "c77508ca-fe32-4909-942f-18436ac1da84@6c48a",
    "packable": true,
    "pixelsToUnit": 100,
    "pivot": {
      "x": 0.5,
      "y": 0.5
    },
    "meshType": 0
  }
}