{
  "__type__": "cc.SpriteFrame",
  "content": {
    "name": "table 15",
    "atlas": "",
    "rect": {
      "x": 0,
      "y": 5,
      "width": 149,
      "height": 697
    },
    "offset": {
      "x": -0.5,
      "y": -2.5
    },
    "originalSize": {
      "width": 150,
      "height": 702
    },
    "rotated": false,
    "capInsets": [
      0,
      0,
      0,
      0
    ],
    "vertices": {
      "rawPosition": [
        -74.5,
        -348.5,
        0,
        74.5,
        -348.5,
        0,
        -74.5,
        348.5,
        0,
        74.5,
        348.5,
        0
      ],
      "indexes": [
        0,
        1,
        2,
        2,
        1,
        3
      ],
      "uv": [
        0,
        697,
        149,
        697,
        0,
        0,
        149,
        0
      ],
      "nuv": [
        0,
        0,
        0.9933333333333333,
        0,
        0,
        0.9928774928774928,
        0.9933333333333333,
        0.9928774928774928
      ],
      "minPos": {
        "x": -74.5,
        "y": -348.5,
        "z": 0
      },
      "maxPos": {
        "x": 74.5,
        "y": 348.5,
        "z": 0
      }
    },
    "texture": "8fdaf373-2a3c-41e4-88c7-cdb1fb8d18ff@6c48a",
    "packable": true,
    "pixelsToUnit": 100,
    "pivot": {
      "x": 0.5,
      "y": 0.5
    },
    "meshType": 0
  }
}