{
  "__type__": "cc.SpriteFrame",
  "content": {
    "name": "table 59",
    "atlas": "",
    "rect": {
      "x": 0,
      "y": 2,
      "width": 94,
      "height": 229
    },
    "offset": {
      "x": -1,
      "y": -1
    },
    "originalSize": {
      "width": 96,
      "height": 231
    },
    "rotated": false,
    "capInsets": [
      0,
      0,
      0,
      0
    ],
    "vertices": {
      "rawPosition": [
        -47,
        -114.5,
        0,
        47,
        -114.5,
        0,
        -47,
        114.5,
        0,
        47,
        114.5,
        0
      ],
      "indexes": [
        0,
        1,
        2,
        2,
        1,
        3
      ],
      "uv": [
        0,
        229,
        94,
        229,
        0,
        0,
        94,
        0
      ],
      "nuv": [
        0,
        0,
        0.9791666666666666,
        0,
        0,
        0.9913419913419913,
        0.9791666666666666,
        0.9913419913419913
      ],
      "minPos": {
        "x": -47,
        "y": -114.5,
        "z": 0
      },
      "maxPos": {
        "x": 47,
        "y": 114.5,
        "z": 0
      }
    },
    "texture": "ff3dc07d-c14e-4302-a355-e77bc49fe757@6c48a",
    "packable": true,
    "pixelsToUnit": 100,
    "pivot": {
      "x": 0.5,
      "y": 0.5
    },
    "meshType": 0
  }
}