{
  "__type__": "cc.SpriteFrame",
  "content": {
    "name": "table-blue 2",
    "atlas": "",
    "rect": {
      "x": 30,
      "y": 0,
      "width": 1248,
      "height": 1794
    },
    "offset": {
      "x": 15,
      "y": 0
    },
    "originalSize": {
      "width": 1278,
      "height": 1794
    },
    "rotated": false,
    "capInsets": [
      334,
      510,
      334,
      510
    ],
    "vertices": {
      "rawPosition": [
        -624,
        -897,
        0,
        624,
        -897,
        0,
        -624,
        897,
        0,
        624,
        897,
        0
      ],
      "indexes": [
        0,
        1,
        2,
        2,
        1,
        3
      ],
      "uv": [
        30,
        1794,
        1278,
        1794,
        30,
        0,
        1278,
        0
      ],
      "nuv": [
        0.023474178403755867,
        0,
        1,
        0,
        0.023474178403755867,
        1,
        1,
        1
      ],
      "minPos": {
        "x": -624,
        "y": -897,
        "z": 0
      },
      "maxPos": {
        "x": 624,
        "y": 897,
        "z": 0
      }
    },
    "texture": "ff592edf-82b9-4bdf-a85a-3b5fb5092aaa@6c48a",
    "packable": true,
    "pixelsToUnit": 100,
    "pivot": {
      "x": 0.5,
      "y": 0.5
    },
    "meshType": 0
  }
}