{
  "__type__": "cc.SpriteFrame",
  "content": {
    "name": "table 47",
    "atlas": "",
    "rect": {
      "x": 2,
      "y": 0,
      "width": 214,
      "height": 204
    },
    "offset": {
      "x": 1,
      "y": 0
    },
    "originalSize": {
      "width": 216,
      "height": 204
    },
    "rotated": false,
    "capInsets": [
      0,
      0,
      0,
      0
    ],
    "vertices": {
      "rawPosition": [
        -107,
        -102,
        0,
        107,
        -102,
        0,
        -107,
        102,
        0,
        107,
        102,
        0
      ],
      "indexes": [
        0,
        1,
        2,
        2,
        1,
        3
      ],
      "uv": [
        2,
        204,
        216,
        204,
        2,
        0,
        216,
        0
      ],
      "nuv": [
        0.009259259259259259,
        0,
        1,
        0,
        0.009259259259259259,
        1,
        1,
        1
      ],
      "minPos": {
        "x": -107,
        "y": -102,
        "z": 0
      },
      "maxPos": {
        "x": 107,
        "y": 102,
        "z": 0
      }
    },
    "texture": "d4ae3b97-5696-40e5-9845-bd86304abf58@6c48a",
    "packable": true,
    "pixelsToUnit": 100,
    "pivot": {
      "x": 0.5,
      "y": 0.5
    },
    "meshType": 0
  }
}