{
  "__type__": "cc.SpriteFrame",
  "content": {
    "name": "photo_2024-03-18_10-57-21@3x 11",
    "atlas": "",
    "rect": {
      "x": 40,
      "y": 60,
      "width": 464,
      "height": 1180
    },
    "offset": {
      "x": 20,
      "y": -22
    },
    "originalSize": {
      "width": 504,
      "height": 1256
    },
    "rotated": false,
    "capInsets": [
      0,
      0,
      0,
      0
    ],
    "vertices": {
      "rawPosition": [
        -232,
        -590,
        0,
        232,
        -590,
        0,
        -232,
        590,
        0,
        232,
        590,
        0
      ],
      "indexes": [
        0,
        1,
        2,
        2,
        1,
        3
      ],
      "uv": [
        40,
        1196,
        504,
        1196,
        40,
        16,
        504,
        16
      ],
      "nuv": [
        0.07936507936507936,
        0.012738853503184714,
        1,
        0.012738853503184714,
        0.07936507936507936,
        0.9522292993630573,
        1,
        0.9522292993630573
      ],
      "minPos": {
        "x": -232,
        "y": -590,
        "z": 0
      },
      "maxPos": {
        "x": 232,
        "y": 590,
        "z": 0
      }
    },
    "texture": "81f87e57-a941-4944-8b52-0b58643c6ce7@6c48a",
    "packable": true,
    "pixelsToUnit": 100,
    "pivot": {
      "x": 0.5,
      "y": 0.5
    },
    "meshType": 0
  }
}