{
  "__type__": "cc.SpriteFrame",
  "content": {
    "name": "photo_2024-03-18_10-57-21@3x 14",
    "atlas": "",
    "rect": {
      "x": 15,
      "y": 17,
      "width": 509,
      "height": 1219
    },
    "offset": {
      "x": 7.5,
      "y": -8.5
    },
    "originalSize": {
      "width": 524,
      "height": 1236
    },
    "rotated": false,
    "capInsets": [
      0,
      0,
      0,
      0
    ],
    "vertices": {
      "rawPosition": [
        -254.5,
        -609.5,
        0,
        254.5,
        -609.5,
        0,
        -254.5,
        609.5,
        0,
        254.5,
        609.5,
        0
      ],
      "indexes": [
        0,
        1,
        2,
        2,
        1,
        3
      ],
      "uv": [
        15,
        1219,
        524,
        1219,
        15,
        0,
        524,
        0
      ],
      "nuv": [
        0.02862595419847328,
        0,
        1,
        0,
        0.02862595419847328,
        0.9862459546925566,
        1,
        0.9862459546925566
      ],
      "minPos": {
        "x": -254.5,
        "y": -609.5,
        "z": 0
      },
      "maxPos": {
        "x": 254.5,
        "y": 609.5,
        "z": 0
      }
    },
    "texture": "e7d6433d-353b-469c-8b8f-365c40d09e85@6c48a",
    "packable": true,
    "pixelsToUnit": 100,
    "pivot": {
      "x": 0.5,
      "y": 0.5
    },
    "meshType": 0
  }
}