{
  "__type__": "cc.SpriteFrame",
  "content": {
    "name": "effect 1 (1)",
    "atlas": "",
    "rect": {
      "x": 0,
      "y": 42,
      "width": 446,
      "height": 450
    },
    "offset": {
      "x": -18.5,
      "y": -21
    },
    "originalSize": {
      "width": 483,
      "height": 492
    },
    "rotated": false,
    "capInsets": [
      0,
      0,
      0,
      0
    ],
    "vertices": {
      "rawPosition": [
        -223,
        -225,
        0,
        223,
        -225,
        0,
        -223,
        225,
        0,
        223,
        225,
        0
      ],
      "indexes": [
        0,
        1,
        2,
        2,
        1,
        3
      ],
      "uv": [
        0,
        450,
        446,
        450,
        0,
        0,
        446,
        0
      ],
      "nuv": [
        0,
        0,
        0.9233954451345756,
        0,
        0,
        0.9146341463414634,
        0.9233954451345756,
        0.9146341463414634
      ],
      "minPos": {
        "x": -223,
        "y": -225,
        "z": 0
      },
      "maxPos": {
        "x": 223,
        "y": 225,
        "z": 0
      }
    },
    "texture": "6d8573ad-126d-44e1-a72e-a9d032d6fda0@6c48a",
    "packable": true,
    "pixelsToUnit": 100,
    "pivot": {
      "x": 0.5,
      "y": 0.5
    },
    "meshType": 0
  }
}