{
  "__type__": "cc.SpriteFrame",
  "content": {
    "name": "photo_2024-03-18_10-57-21@3x 15",
    "atlas": "",
    "rect": {
      "x": 41,
      "y": 11,
      "width": 424,
      "height": 1205
    },
    "offset": {
      "x": -9,
      "y": 4.5
    },
    "originalSize": {
      "width": 524,
      "height": 1236
    },
    "rotated": false,
    "capInsets": [
      0,
      0,
      0,
      0
    ],
    "vertices": {
      "rawPosition": [
        -212,
        -602.5,
        0,
        212,
        -602.5,
        0,
        -212,
        602.5,
        0,
        212,
        602.5,
        0
      ],
      "indexes": [
        0,
        1,
        2,
        2,
        1,
        3
      ],
      "uv": [
        41,
        1225,
        465,
        1225,
        41,
        20,
        465,
        20
      ],
      "nuv": [
        0.07824427480916031,
        0.016181229773462782,
        0.8874045801526718,
        0.016181229773462782,
        0.07824427480916031,
        0.9911003236245954,
        0.8874045801526718,
        0.9911003236245954
      ],
      "minPos": {
        "x": -212,
        "y": -602.5,
        "z": 0
      },
      "maxPos": {
        "x": 212,
        "y": 602.5,
        "z": 0
      }
    },
    "texture": "03063a57-e941-4503-af1a-524de5745ed7@6c48a",
    "packable": true,
    "pixelsToUnit": 100,
    "pivot": {
      "x": 0.5,
      "y": 0.5
    },
    "meshType": 0
  }
}