{
  "__type__": "cc.SpriteFrame",
  "content": {
    "name": "1k",
    "atlas": "",
    "rect": {
      "x": 3,
      "y": 2,
      "width": 291,
      "height": 181
    },
    "offset": {
      "x": -3,
      "y": -1
    },
    "originalSize": {
      "width": 303,
      "height": 183
    },
    "rotated": false,
    "capInsets": [
      0,
      0,
      0,
      0
    ],
    "vertices": {
      "rawPosition": [
        -145.5,
        -90.5,
        0,
        145.5,
        -90.5,
        0,
        -145.5,
        90.5,
        0,
        145.5,
        90.5,
        0
      ],
      "indexes": [
        0,
        1,
        2,
        2,
        1,
        3
      ],
      "uv": [
        3,
        181,
        294,
        181,
        3,
        0,
        294,
        0
      ],
      "nuv": [
        0.009900990099009901,
        0,
        0.9702970297029703,
        0,
        0.009900990099009901,
        0.9890710382513661,
        0.9702970297029703,
        0.9890710382513661
      ],
      "minPos": {
        "x": -145.5,
        "y": -90.5,
        "z": 0
      },
      "maxPos": {
        "x": 145.5,
        "y": 90.5,
        "z": 0
      }
    },
    "texture": "076de4d2-a77c-40fd-bbea-4da3e45a952a@6c48a",
    "packable": true,
    "pixelsToUnit": 100,
    "pivot": {
      "x": 0.5,
      "y": 0.5
    },
    "meshType": 0
  }
}