{
  "__type__": "cc.SpriteFrame",
  "content": {
    "name": "config2",
    "atlas": "",
    "rect": {
      "x": 27,
      "y": 0,
      "width": 860,
      "height": 21
    },
    "offset": {
      "x": 3,
      "y": 0
    },
    "originalSize": {
      "width": 908,
      "height": 21
    },
    "rotated": false,
    "capInsets": [
      285,
      0,
      285,
      9
    ],
    "vertices": {
      "rawPosition": [
        -430,
        -10.5,
        0,
        430,
        -10.5,
        0,
        -430,
        10.5,
        0,
        430,
        10.5,
        0
      ],
      "indexes": [
        0,
        1,
        2,
        2,
        1,
        3
      ],
      "uv": [
        27,
        21,
        887,
        21,
        27,
        0,
        887,
        0
      ],
      "nuv": [
        0.02973568281938326,
        0,
        0.9768722466960352,
        0,
        0.02973568281938326,
        1,
        0.9768722466960352,
        1
      ],
      "minPos": {
        "x": -430,
        "y": -10.5,
        "z": 0
      },
      "maxPos": {
        "x": 430,
        "y": 10.5,
        "z": 0
      }
    },
    "texture": "610084f0-62ec-4f32-b934-9e32badea39c@6c48a",
    "packable": true,
    "pixelsToUnit": 100,
    "pivot": {
      "x": 0.5,
      "y": 0.5
    },
    "meshType": 0
  }
}