{
  "__type__": "cc.SpriteFrame",
  "content": {
    "name": "black",
    "atlas": "",
    "rect": {
      "x": 1,
      "y": 0,
      "width": 27,
      "height": 27
    },
    "offset": {
      "x": 0,
      "y": 0.5
    },
    "originalSize": {
      "width": 29,
      "height": 28
    },
    "rotated": false,
    "capInsets": [
      0,
      0,
      0,
      0
    ],
    "vertices": {
      "rawPosition": [
        -13.5,
        -13.5,
        0,
        13.5,
        -13.5,
        0,
        -13.5,
        13.5,
        0,
        13.5,
        13.5,
        0
      ],
      "indexes": [
        0,
        1,
        2,
        2,
        1,
        3
      ],
      "uv": [
        1,
        28,
        28,
        28,
        1,
        1,
        28,
        1
      ],
      "nuv": [
        0.034482758620689655,
        0.03571428571428571,
        0.9655172413793104,
        0.03571428571428571,
        0.034482758620689655,
        1,
        0.9655172413793104,
        1
      ],
      "minPos": {
        "x": -13.5,
        "y": -13.5,
        "z": 0
      },
      "maxPos": {
        "x": 13.5,
        "y": 13.5,
        "z": 0
      }
    },
    "texture": "9f3c1ac2-d6d4-45a4-a51c-d5fdad33fc47@6c48a",
    "packable": true,
    "pixelsToUnit": 100,
    "pivot": {
      "x": 0.5,
      "y": 0.5
    },
    "meshType": 0
  }
}