{
  "__type__": "cc.SpriteFrame",
  "content": {
    "name": "sicbo-font",
    "atlas": "",
    "rect": {
      "x": 1,
      "y": 1,
      "width": 492,
      "height": 485
    },
    "offset": {
      "x": 0,
      "y": 0
    },
    "originalSize": {
      "width": 494,
      "height": 487
    },
    "rotated": false,
    "capInsets": [
      0,
      0,
      0,
      0
    ],
    "vertices": {
      "rawPosition": [
        -246,
        -242.5,
        0,
        246,
        -242.5,
        0,
        -246,
        242.5,
        0,
        246,
        242.5,
        0
      ],
      "indexes": [
        0,
        1,
        2,
        2,
        1,
        3
      ],
      "uv": [
        1,
        486,
        493,
        486,
        1,
        1,
        493,
        1
      ],
      "nuv": [
        0.0020242914979757085,
        0.002053388090349076,
        0.9979757085020243,
        0.002053388090349076,
        0.0020242914979757085,
        0.997946611909651,
        0.9979757085020243,
        0.997946611909651
      ],
      "minPos": {
        "x": -246,
        "y": -242.5,
        "z": 0
      },
      "maxPos": {
        "x": 246,
        "y": 242.5,
        "z": 0
      }
    },
    "texture": "2f705957-2b15-4931-aaad-9ae27fe0db64@6c48a",
    "packable": true,
    "pixelsToUnit": 100,
    "pivot": {
      "x": 0.5,
      "y": 0.5
    },
    "meshType": 0
  }
}