{
  "__type__": "cc.SpriteFrame",
  "content": {
    "name": "50M",
    "atlas": "",
    "rect": {
      "x": 0,
      "y": 0,
      "width": 197,
      "height": 124
    },
    "offset": {
      "x": -0.5,
      "y": 0
    },
    "originalSize": {
      "width": 198,
      "height": 124
    },
    "rotated": false,
    "capInsets": [
      0,
      0,
      0,
      0
    ],
    "vertices": {
      "rawPosition": [
        -98.5,
        -62,
        0,
        98.5,
        -62,
        0,
        -98.5,
        62,
        0,
        98.5,
        62,
        0
      ],
      "indexes": [
        0,
        1,
        2,
        2,
        1,
        3
      ],
      "uv": [
        0,
        124,
        197,
        124,
        0,
        0,
        197,
        0
      ],
      "nuv": [
        0,
        0,
        0.9949494949494949,
        0,
        0,
        1,
        0.9949494949494949,
        1
      ],
      "minPos": {
        "x": -98.5,
        "y": -62,
        "z": 0
      },
      "maxPos": {
        "x": 98.5,
        "y": 62,
        "z": 0
      }
    },
    "texture": "2ff05480-d50a-423d-8063-e3167cb0033c@6c48a",
    "packable": true,
    "pixelsToUnit": 100,
    "pivot": {
      "x": 0.5,
      "y": 0.5
    },
    "meshType": 0
  }
}