{
  "__type__": "cc.SpriteFrame",
  "content": {
    "name": "boardResults",
    "atlas": "",
    "rect": {
      "x": 1,
      "y": 1,
      "width": 982,
      "height": 229
    },
    "offset": {
      "x": 0.5,
      "y": -0.5
    },
    "originalSize": {
      "width": 983,
      "height": 230
    },
    "rotated": false,
    "capInsets": [
      0,
      0,
      0,
      0
    ],
    "vertices": {
      "rawPosition": [
        -491,
        -114.5,
        0,
        491,
        -114.5,
        0,
        -491,
        114.5,
        0,
        491,
        114.5,
        0
      ],
      "indexes": [
        0,
        1,
        2,
        2,
        1,
        3
      ],
      "uv": [
        1,
        229,
        983,
        229,
        1,
        0,
        983,
        0
      ],
      "nuv": [
        0.001017293997965412,
        0,
        1,
        0,
        0.001017293997965412,
        0.9956521739130435,
        1,
        0.9956521739130435
      ],
      "minPos": {
        "x": -491,
        "y": -114.5,
        "z": 0
      },
      "maxPos": {
        "x": 491,
        "y": 114.5,
        "z": 0
      }
    },
    "texture": "fe5107a0-8201-4dac-b19e-778c8fa7984e@6c48a",
    "packable": true,
    "pixelsToUnit": 100,
    "pivot": {
      "x": 0.5,
      "y": 0.5
    },
    "meshType": 0
  }
}