{
  "__type__": "cc.SpriteFrame",
  "content": {
    "name": "table 41",
    "atlas": "",
    "rect": {
      "x": 1,
      "y": 2,
      "width": 349,
      "height": 412
    },
    "offset": {
      "x": 0,
      "y": -1
    },
    "originalSize": {
      "width": 351,
      "height": 414
    },
    "rotated": false,
    "capInsets": [
      60,
      116,
      60,
      116
    ],
    "vertices": {
      "rawPosition": [
        -174.5,
        -206,
        0,
        174.5,
        -206,
        0,
        -174.5,
        206,
        0,
        174.5,
        206,
        0
      ],
      "indexes": [
        0,
        1,
        2,
        2,
        1,
        3
      ],
      "uv": [
        1,
        412,
        350,
        412,
        1,
        0,
        350,
        0
      ],
      "nuv": [
        0.002849002849002849,
        0,
        0.9971509971509972,
        0,
        0.002849002849002849,
        0.9951690821256038,
        0.9971509971509972,
        0.9951690821256038
      ],
      "minPos": {
        "x": -174.5,
        "y": -206,
        "z": 0
      },
      "maxPos": {
        "x": 174.5,
        "y": 206,
        "z": 0
      }
    },
    "texture": "fec876de-a4df-4613-9106-9f106485c79c@6c48a",
    "packable": true,
    "pixelsToUnit": 100,
    "pivot": {
      "x": 0.5,
      "y": 0.5
    },
    "meshType": 0
  }
}