{
  "__type__": "cc.SpriteFrame",
  "content": {
    "name": "logo",
    "atlas": "",
    "rect": {
      "x": 86,
      "y": 18,
      "width": 549,
      "height": 347
    },
    "offset": {
      "x": -14.5,
      "y": 19.5
    },
    "originalSize": {
      "width": 750,
      "height": 422
    },
    "rotated": false,
    "capInsets": [
      0,
      0,
      0,
      0
    ],
    "vertices": {
      "rawPosition": [
        -274.5,
        -173.5,
        0,
        274.5,
        -173.5,
        0,
        -274.5,
        173.5,
        0,
        274.5,
        173.5,
        0
      ],
      "indexes": [
        0,
        1,
        2,
        2,
        1,
        3
      ],
      "uv": [
        86,
        404,
        635,
        404,
        86,
        57,
        635,
        57
      ],
      "nuv": [
        0.11466666666666667,
        0.13507109004739337,
        0.8466666666666667,
        0.13507109004739337,
        0.11466666666666667,
        0.957345971563981,
        0.8466666666666667,
        0.957345971563981
      ],
      "minPos": {
        "x": -274.5,
        "y": -173.5,
        "z": 0
      },
      "maxPos": {
        "x": 274.5,
        "y": 173.5,
        "z": 0
      }
    },
    "texture": "c2737777-9a49-44fe-88f6-77618a4dfd51@6c48a",
    "packable": true,
    "pixelsToUnit": 100,
    "pivot": {
      "x": 0.5,
      "y": 0.5
    },
    "meshType": 0
  }
}