{
  "__type__": "cc.SpriteFrame",
  "content": {
    "name": "photo_2024-03-18_10-57-21@3x 10",
    "atlas": "",
    "rect": {
      "x": 38,
      "y": 39,
      "width": 448,
      "height": 1169
    },
    "offset": {
      "x": 10,
      "y": 4.5
    },
    "originalSize": {
      "width": 504,
      "height": 1256
    },
    "rotated": false,
    "capInsets": [
      0,
      0,
      0,
      0
    ],
    "vertices": {
      "rawPosition": [
        -224,
        -584.5,
        0,
        224,
        -584.5,
        0,
        -224,
        584.5,
        0,
        224,
        584.5,
        0
      ],
      "indexes": [
        0,
        1,
        2,
        2,
        1,
        3
      ],
      "uv": [
        38,
        1217,
        486,
        1217,
        38,
        48,
        486,
        48
      ],
      "nuv": [
        0.07539682539682539,
        0.03821656050955414,
        0.9642857142857143,
        0.03821656050955414,
        0.07539682539682539,
        0.9689490445859873,
        0.9642857142857143,
        0.9689490445859873
      ],
      "minPos": {
        "x": -224,
        "y": -584.5,
        "z": 0
      },
      "maxPos": {
        "x": 224,
        "y": 584.5,
        "z": 0
      }
    },
    "texture": "c278d1a2-7dea-40d1-8650-f78178f6bd29@6c48a",
    "packable": true,
    "pixelsToUnit": 100,
    "pivot": {
      "x": 0.5,
      "y": 0.5
    },
    "meshType": 0
  }
}