{
  "__type__": "cc.SpriteFrame",
  "content": {
    "name": "dice 2",
    "atlas": "",
    "rect": {
      "x": 7,
      "y": 9,
      "width": 119,
      "height": 194
    },
    "offset": {
      "x": 3.5,
      "y": -1
    },
    "originalSize": {
      "width": 126,
      "height": 210
    },
    "rotated": false,
    "capInsets": [
      0,
      0,
      0,
      0
    ],
    "vertices": {
      "rawPosition": [
        -59.5,
        -97,
        0,
        59.5,
        -97,
        0,
        -59.5,
        97,
        0,
        59.5,
        97,
        0
      ],
      "indexes": [
        0,
        1,
        2,
        2,
        1,
        3
      ],
      "uv": [
        7,
        201,
        126,
        201,
        7,
        7,
        126,
        7
      ],
      "nuv": [
        0.05555555555555555,
        0.03333333333333333,
        1,
        0.03333333333333333,
        0.05555555555555555,
        0.9571428571428572,
        1,
        0.9571428571428572
      ],
      "minPos": {
        "x": -59.5,
        "y": -97,
        "z": 0
      },
      "maxPos": {
        "x": 59.5,
        "y": 97,
        "z": 0
      }
    },
    "texture": "88c60c69-5675-4962-8038-5cd7f6954c35@6c48a",
    "packable": true,
    "pixelsToUnit": 100,
    "pivot": {
      "x": 0.5,
      "y": 0.5
    },
    "meshType": 0
  }
}