{
  "__type__": "cc.SpriteFrame",
  "content": {
    "name": "tile008",
    "atlas": "",
    "rect": {
      "x": 0,
      "y": 0,
      "width": 24,
      "height": 21
    },
    "offset": {
      "x": -4.5,
      "y": 2.5
    },
    "originalSize": {
      "width": 33,
      "height": 26
    },
    "rotated": false,
    "capInsets": [
      0,
      0,
      0,
      0
    ],
    "vertices": {
      "rawPosition": [
        -12,
        -10.5,
        0,
        12,
        -10.5,
        0,
        -12,
        10.5,
        0,
        12,
        10.5,
        0
      ],
      "indexes": [
        0,
        1,
        2,
        2,
        1,
        3
      ],
      "uv": [
        0,
        26,
        24,
        26,
        0,
        5,
        24,
        5
      ],
      "nuv": [
        0,
        0.19230769230769232,
        0.7272727272727273,
        0.19230769230769232,
        0,
        1,
        0.7272727272727273,
        1
      ],
      "minPos": {
        "x": -12,
        "y": -10.5,
        "z": 0
      },
      "maxPos": {
        "x": 12,
        "y": 10.5,
        "z": 0
      }
    },
    "texture": "6245a972-deec-48e2-8214-d1c98b1385a6@6c48a",
    "packable": true,
    "pixelsToUnit": 100,
    "pivot": {
      "x": 0.5,
      "y": 0.5
    },
    "meshType": 0
  }
}