{
  "__type__": "cc.SpriteFrame",
  "content": {
    "name": "backgroundHistory",
    "atlas": "",
    "rect": {
      "x": 1,
      "y": 5,
      "width": 62,
      "height": 89
    },
    "offset": {
      "x": 0.5,
      "y": -2.5
    },
    "originalSize": {
      "width": 63,
      "height": 94
    },
    "rotated": false,
    "capInsets": [
      17,
      32,
      17,
      32
    ],
    "vertices": {
      "rawPosition": [
        -31,
        -44.5,
        0,
        31,
        -44.5,
        0,
        -31,
        44.5,
        0,
        31,
        44.5,
        0
      ],
      "indexes": [
        0,
        1,
        2,
        2,
        1,
        3
      ],
      "uv": [
        1,
        89,
        63,
        89,
        1,
        0,
        63,
        0
      ],
      "nuv": [
        0.015873015873015872,
        0,
        1,
        0,
        0.015873015873015872,
        0.9468085106382979,
        1,
        0.9468085106382979
      ],
      "minPos": {
        "x": -31,
        "y": -44.5,
        "z": 0
      },
      "maxPos": {
        "x": 31,
        "y": 44.5,
        "z": 0
      }
    },
    "texture": "bbd429e6-26ca-4e7d-afcc-faa26c6aa35c@6c48a",
    "packable": true,
    "pixelsToUnit": 100,
    "pivot": {
      "x": 0.5,
      "y": 0.5
    },
    "meshType": 0
  }
}