{
  "__type__": "cc.SpriteFrame",
  "content": {
    "name": "table2",
    "atlas": "",
    "rect": {
      "x": 0,
      "y": 0,
      "width": 600,
      "height": 426
    },
    "offset": {
      "x": 0,
      "y": 0.5
    },
    "originalSize": {
      "width": 600,
      "height": 427
    },
    "rotated": false,
    "capInsets": [
      100,
      100,
      100,
      100
    ],
    "vertices": {
      "rawPosition": [
        -300,
        -213,
        0,
        300,
        -213,
        0,
        -300,
        213,
        0,
        300,
        213,
        0
      ],
      "indexes": [
        0,
        1,
        2,
        2,
        1,
        3
      ],
      "uv": [
        0,
        427,
        600,
        427,
        0,
        1,
        600,
        1
      ],
      "nuv": [
        0,
        0.00234192037470726,
        1,
        0.00234192037470726,
        0,
        1,
        1,
        1
      ],
      "minPos": {
        "x": -300,
        "y": -213,
        "z": 0
      },
      "maxPos": {
        "x": 300,
        "y": 213,
        "z": 0
      }
    },
    "texture": "1bc753f8-9943-4781-af34-84dc67bbd79a@6c48a",
    "packable": true,
    "pixelsToUnit": 100,
    "pivot": {
      "x": 0.5,
      "y": 0.5
    },
    "meshType": 0
  }
}