{
  "__type__": "cc.SpriteFrame",
  "content": {
    "name": "muiten",
    "atlas": "",
    "rect": {
      "x": 0,
      "y": 1,
      "width": 1022,
      "height": 199
    },
    "offset": {
      "x": -0.5,
      "y": -0.5
    },
    "originalSize": {
      "width": 1023,
      "height": 200
    },
    "rotated": false,
    "capInsets": [
      0,
      0,
      0,
      0
    ],
    "vertices": {
      "rawPosition": [
        -511,
        -99.5,
        0,
        511,
        -99.5,
        0,
        -511,
        99.5,
        0,
        511,
        99.5,
        0
      ],
      "indexes": [
        0,
        1,
        2,
        2,
        1,
        3
      ],
      "uv": [
        0,
        199,
        1022,
        199,
        0,
        0,
        1022,
        0
      ],
      "nuv": [
        0,
        0,
        0.9990224828934506,
        0,
        0,
        0.995,
        0.9990224828934506,
        0.995
      ],
      "minPos": {
        "x": -511,
        "y": -99.5,
        "z": 0
      },
      "maxPos": {
        "x": 511,
        "y": 99.5,
        "z": 0
      }
    },
    "texture": "693c0623-b002-44f4-a672-298e53db189e@6c48a",
    "packable": true,
    "pixelsToUnit": 100,
    "pivot": {
      "x": 0.5,
      "y": 0.5
    },
    "meshType": 0
  }
}