{
  "__type__": "cc.SpriteFrame",
  "content": {
    "name": "table 62",
    "atlas": "",
    "rect": {
      "x": 0,
      "y": 0,
      "width": 120,
      "height": 205
    },
    "offset": {
      "x": 0,
      "y": 1
    },
    "originalSize": {
      "width": 120,
      "height": 207
    },
    "rotated": false,
    "capInsets": [
      0,
      0,
      0,
      0
    ],
    "vertices": {
      "rawPosition": [
        -60,
        -102.5,
        0,
        60,
        -102.5,
        0,
        -60,
        102.5,
        0,
        60,
        102.5,
        0
      ],
      "indexes": [
        0,
        1,
        2,
        2,
        1,
        3
      ],
      "uv": [
        0,
        207,
        120,
        207,
        0,
        2,
        120,
        2
      ],
      "nuv": [
        0,
        0.00966183574879227,
        1,
        0.00966183574879227,
        0,
        1,
        1,
        1
      ],
      "minPos": {
        "x": -60,
        "y": -102.5,
        "z": 0
      },
      "maxPos": {
        "x": 60,
        "y": 102.5,
        "z": 0
      }
    },
    "texture": "107da113-56c9-466a-9012-237d77c52af6@6c48a",
    "packable": true,
    "pixelsToUnit": 100,
    "pivot": {
      "x": 0.5,
      "y": 0.5
    },
    "meshType": 0
  }
}