{
  "__type__": "cc.SpriteFrame",
  "content": {
    "name": "table 20",
    "atlas": "",
    "rect": {
      "x": 0,
      "y": 0,
      "width": 172,
      "height": 173
    },
    "offset": {
      "x": 0,
      "y": 2.5
    },
    "originalSize": {
      "width": 172,
      "height": 178
    },
    "rotated": false,
    "capInsets": [
      0,
      0,
      0,
      0
    ],
    "vertices": {
      "rawPosition": [
        -86,
        -86.5,
        0,
        86,
        -86.5,
        0,
        -86,
        86.5,
        0,
        86,
        86.5,
        0
      ],
      "indexes": [
        0,
        1,
        2,
        2,
        1,
        3
      ],
      "uv": [
        0,
        178,
        172,
        178,
        0,
        5,
        172,
        5
      ],
      "nuv": [
        0,
        0.028089887640449437,
        1,
        0.028089887640449437,
        0,
        1,
        1,
        1
      ],
      "minPos": {
        "x": -86,
        "y": -86.5,
        "z": 0
      },
      "maxPos": {
        "x": 86,
        "y": 86.5,
        "z": 0
      }
    },
    "texture": "024a81d1-9934-4b89-9816-2450fa8f211e@6c48a",
    "packable": true,
    "pixelsToUnit": 100,
    "pivot": {
      "x": 0.5,
      "y": 0.5
    },
    "meshType": 0
  }
}