{
  "__type__": "cc.SpriteFrame",
  "content": {
    "name": "9",
    "atlas": "",
    "rect": {
      "x": 1,
      "y": 1,
      "width": 27,
      "height": 27
    },
    "offset": {
      "x": 0.5,
      "y": -0.5
    },
    "originalSize": {
      "width": 28,
      "height": 28
    },
    "rotated": false,
    "capInsets": [
      0,
      0,
      0,
      0
    ],
    "vertices": {
      "rawPosition": [
        -13.5,
        -13.5,
        0,
        13.5,
        -13.5,
        0,
        -13.5,
        13.5,
        0,
        13.5,
        13.5,
        0
      ],
      "indexes": [
        0,
        1,
        2,
        2,
        1,
        3
      ],
      "uv": [
        1,
        27,
        28,
        27,
        1,
        0,
        28,
        0
      ],
      "nuv": [
        0.03571428571428571,
        0,
        1,
        0,
        0.03571428571428571,
        0.9642857142857143,
        1,
        0.9642857142857143
      ],
      "minPos": {
        "x": -13.5,
        "y": -13.5,
        "z": 0
      },
      "maxPos": {
        "x": 13.5,
        "y": 13.5,
        "z": 0
      }
    },
    "texture": "519a1bb4-b63e-46e8-beea-35663070420a@6c48a",
    "packable": true,
    "pixelsToUnit": 100,
    "pivot": {
      "x": 0.5,
      "y": 0.5
    },
    "meshType": 0
  }
}