{
  "__type__": "cc.SpriteFrame",
  "content": {
    "name": "StatusMusic",
    "atlas": "",
    "rect": {
      "x": 1,
      "y": 1,
      "width": 160,
      "height": 53
    },
    "offset": {
      "x": 0.5,
      "y": 0
    },
    "originalSize": {
      "width": 161,
      "height": 55
    },
    "rotated": false,
    "capInsets": [
      0,
      0,
      0,
      0
    ],
    "vertices": {
      "rawPosition": [
        -80,
        -26.5,
        0,
        80,
        -26.5,
        0,
        -80,
        26.5,
        0,
        80,
        26.5,
        0
      ],
      "indexes": [
        0,
        1,
        2,
        2,
        1,
        3
      ],
      "uv": [
        1,
        54,
        161,
        54,
        1,
        1,
        161,
        1
      ],
      "nuv": [
        0.006211180124223602,
        0.01818181818181818,
        1,
        0.01818181818181818,
        0.006211180124223602,
        0.9818181818181818,
        1,
        0.9818181818181818
      ],
      "minPos": {
        "x": -80,
        "y": -26.5,
        "z": 0
      },
      "maxPos": {
        "x": 80,
        "y": 26.5,
        "z": 0
      }
    },
    "texture": "8b9e499a-7661-4f9d-9090-3dbf1a1bbb56@6c48a",
    "packable": true,
    "pixelsToUnit": 100,
    "pivot": {
      "x": 0.5,
      "y": 0.5
    },
    "meshType": 0
  }
}