{
  "__type__": "cc.SpriteFrame",
  "content": {
    "name": "photo_2024-03-18_10-57-21@3x 13",
    "atlas": "",
    "rect": {
      "x": 0,
      "y": 32,
      "width": 505,
      "height": 1204
    },
    "offset": {
      "x": -9.5,
      "y": -16
    },
    "originalSize": {
      "width": 524,
      "height": 1236
    },
    "rotated": false,
    "capInsets": [
      0,
      0,
      0,
      0
    ],
    "vertices": {
      "rawPosition": [
        -252.5,
        -602,
        0,
        252.5,
        -602,
        0,
        -252.5,
        602,
        0,
        252.5,
        602,
        0
      ],
      "indexes": [
        0,
        1,
        2,
        2,
        1,
        3
      ],
      "uv": [
        0,
        1204,
        505,
        1204,
        0,
        0,
        505,
        0
      ],
      "nuv": [
        0,
        0,
        0.9637404580152672,
        0,
        0,
        0.9741100323624595,
        0.9637404580152672,
        0.9741100323624595
      ],
      "minPos": {
        "x": -252.5,
        "y": -602,
        "z": 0
      },
      "maxPos": {
        "x": 252.5,
        "y": 602,
        "z": 0
      }
    },
    "texture": "f8ed342e-c35b-488c-982a-f457caf278d6@6c48a",
    "packable": true,
    "pixelsToUnit": 100,
    "pivot": {
      "x": 0.5,
      "y": 0.5
    },
    "meshType": 0
  }
}