{
  "__type__": "cc.SpriteFrame",
  "content": {
    "name": "effect 1",
    "atlas": "",
    "rect": {
      "x": 6,
      "y": 10,
      "width": 1128,
      "height": 1142
    },
    "offset": {
      "x": 3,
      "y": -2
    },
    "originalSize": {
      "width": 1134,
      "height": 1158
    },
    "rotated": false,
    "capInsets": [
      0,
      0,
      0,
      0
    ],
    "vertices": {
      "rawPosition": [
        -564,
        -571,
        0,
        564,
        -571,
        0,
        -564,
        571,
        0,
        564,
        571,
        0
      ],
      "indexes": [
        0,
        1,
        2,
        2,
        1,
        3
      ],
      "uv": [
        6,
        1148,
        1134,
        1148,
        6,
        6,
        1134,
        6
      ],
      "nuv": [
        0.005291005291005291,
        0.0051813471502590676,
        1,
        0.0051813471502590676,
        0.005291005291005291,
        0.9913644214162349,
        1,
        0.9913644214162349
      ],
      "minPos": {
        "x": -564,
        "y": -571,
        "z": 0
      },
      "maxPos": {
        "x": 564,
        "y": 571,
        "z": 0
      }
    },
    "texture": "f92b11e1-610c-4515-bdf4-a5cf28bb5630@6c48a",
    "packable": true,
    "pixelsToUnit": 100,
    "pivot": {
      "x": 0.5,
      "y": 0.5
    },
    "meshType": 0
  }
}