{
  "__type__": "cc.SpriteFrame",
  "content": {
    "name": "effect 13",
    "atlas": "",
    "rect": {
      "x": 4,
      "y": 8,
      "width": 442,
      "height": 658
    },
    "offset": {
      "x": 0,
      "y": 0
    },
    "originalSize": {
      "width": 450,
      "height": 674
    },
    "rotated": false,
    "capInsets": [
      0,
      0,
      0,
      0
    ],
    "vertices": {
      "rawPosition": [
        -221,
        -329,
        0,
        221,
        -329,
        0,
        -221,
        329,
        0,
        221,
        329,
        0
      ],
      "indexes": [
        0,
        1,
        2,
        2,
        1,
        3
      ],
      "uv": [
        4,
        666,
        446,
        666,
        4,
        8,
        446,
        8
      ],
      "nuv": [
        0.008888888888888889,
        0.011869436201780416,
        0.9911111111111112,
        0.011869436201780416,
        0.008888888888888889,
        0.9881305637982196,
        0.9911111111111112,
        0.9881305637982196
      ],
      "minPos": {
        "x": -221,
        "y": -329,
        "z": 0
      },
      "maxPos": {
        "x": 221,
        "y": 329,
        "z": 0
      }
    },
    "texture": "f363c04f-df48-411e-b10b-dd45ebfd3e9d@6c48a",
    "packable": true,
    "pixelsToUnit": 100,
    "pivot": {
      "x": 0.5,
      "y": 0.5
    },
    "meshType": 0
  }
}