{
  "__type__": "cc.SpriteFrame",
  "content": {
    "name": "table 50",
    "atlas": "",
    "rect": {
      "x": 0,
      "y": 4,
      "width": 294,
      "height": 156
    },
    "offset": {
      "x": 0,
      "y": -1
    },
    "originalSize": {
      "width": 294,
      "height": 162
    },
    "rotated": false,
    "capInsets": [
      0,
      0,
      0,
      0
    ],
    "vertices": {
      "rawPosition": [
        -147,
        -78,
        0,
        147,
        -78,
        0,
        -147,
        78,
        0,
        147,
        78,
        0
      ],
      "indexes": [
        0,
        1,
        2,
        2,
        1,
        3
      ],
      "uv": [
        0,
        158,
        294,
        158,
        0,
        2,
        294,
        2
      ],
      "nuv": [
        0,
        0.012345679012345678,
        1,
        0.012345679012345678,
        0,
        0.9753086419753086,
        1,
        0.9753086419753086
      ],
      "minPos": {
        "x": -147,
        "y": -78,
        "z": 0
      },
      "maxPos": {
        "x": 147,
        "y": 78,
        "z": 0
      }
    },
    "texture": "a237e136-7fea-49f5-a4b4-1fee47a5416a@6c48a",
    "packable": true,
    "pixelsToUnit": 100,
    "pivot": {
      "x": 0.5,
      "y": 0.5
    },
    "meshType": 0
  }
}