{
  "__type__": "cc.SpriteFrame",
  "content": {
    "name": "100k",
    "atlas": "",
    "rect": {
      "x": 0,
      "y": 2,
      "width": 291,
      "height": 178
    },
    "offset": {
      "x": -1.5,
      "y": -1
    },
    "originalSize": {
      "width": 294,
      "height": 180
    },
    "rotated": false,
    "capInsets": [
      0,
      0,
      0,
      0
    ],
    "vertices": {
      "rawPosition": [
        -145.5,
        -89,
        0,
        145.5,
        -89,
        0,
        -145.5,
        89,
        0,
        145.5,
        89,
        0
      ],
      "indexes": [
        0,
        1,
        2,
        2,
        1,
        3
      ],
      "uv": [
        0,
        178,
        291,
        178,
        0,
        0,
        291,
        0
      ],
      "nuv": [
        0,
        0,
        0.9897959183673469,
        0,
        0,
        0.9888888888888889,
        0.9897959183673469,
        0.9888888888888889
      ],
      "minPos": {
        "x": -145.5,
        "y": -89,
        "z": 0
      },
      "maxPos": {
        "x": 145.5,
        "y": 89,
        "z": 0
      }
    },
    "texture": "a2f6dced-f5d3-407f-a39b-eed9e1f7171a@6c48a",
    "packable": true,
    "pixelsToUnit": 100,
    "pivot": {
      "x": 0.5,
      "y": 0.5
    },
    "meshType": 0
  }
}