{
  "__type__": "cc.SpriteFrame",
  "content": {
    "name": "table 5",
    "atlas": "",
    "rect": {
      "x": 1,
      "y": 0,
      "width": 1213,
      "height": 86
    },
    "offset": {
      "x": 0.5,
      "y": 0
    },
    "originalSize": {
      "width": 1214,
      "height": 86
    },
    "rotated": false,
    "capInsets": [
      0,
      0,
      0,
      0
    ],
    "vertices": {
      "rawPosition": [
        -606.5,
        -43,
        0,
        606.5,
        -43,
        0,
        -606.5,
        43,
        0,
        606.5,
        43,
        0
      ],
      "indexes": [
        0,
        1,
        2,
        2,
        1,
        3
      ],
      "uv": [
        1,
        86,
        1214,
        86,
        1,
        0,
        1214,
        0
      ],
      "nuv": [
        0.0008237232289950577,
        0,
        1,
        0,
        0.0008237232289950577,
        1,
        1,
        1
      ],
      "minPos": {
        "x": -606.5,
        "y": -43,
        "z": 0
      },
      "maxPos": {
        "x": 606.5,
        "y": 43,
        "z": 0
      }
    },
    "texture": "1f5ff0f2-2912-4aad-90ad-a0c41b0008b4@6c48a",
    "packable": true,
    "pixelsToUnit": 100,
    "pivot": {
      "x": 0.5,
      "y": 0.5
    },
    "meshType": 0
  }
}