{
  "__type__": "cc.SpriteFrame",
  "content": {
    "name": "dice 13",
    "atlas": "",
    "rect": {
      "x": 4,
      "y": 6,
      "width": 136,
      "height": 274
    },
    "offset": {
      "x": 1,
      "y": 1
    },
    "originalSize": {
      "width": 142,
      "height": 288
    },
    "rotated": false,
    "capInsets": [
      0,
      0,
      0,
      0
    ],
    "vertices": {
      "rawPosition": [
        -68,
        -137,
        0,
        68,
        -137,
        0,
        -68,
        137,
        0,
        68,
        137,
        0
      ],
      "indexes": [
        0,
        1,
        2,
        2,
        1,
        3
      ],
      "uv": [
        4,
        282,
        140,
        282,
        4,
        8,
        140,
        8
      ],
      "nuv": [
        0.028169014084507043,
        0.027777777777777776,
        0.9859154929577465,
        0.027777777777777776,
        0.028169014084507043,
        0.9791666666666666,
        0.9859154929577465,
        0.9791666666666666
      ],
      "minPos": {
        "x": -68,
        "y": -137,
        "z": 0
      },
      "maxPos": {
        "x": 68,
        "y": 137,
        "z": 0
      }
    },
    "texture": "1fc1e7ce-515d-4ade-98cd-ce84b79f5234@6c48a",
    "packable": true,
    "pixelsToUnit": 100,
    "pivot": {
      "x": 0.5,
      "y": 0.5
    },
    "meshType": 0
  }
}