{
  "__type__": "cc.SpriteFrame",
  "content": {
    "name": "71590457-a206-4570-af28-703f391219ab.17ddc-fotor-20240319113544",
    "atlas": "",
    "rect": {
      "x": 1,
      "y": 1,
      "width": 634,
      "height": 1199
    },
    "offset": {
      "x": 0.5,
      "y": -0.5
    },
    "originalSize": {
      "width": 635,
      "height": 1200
    },
    "rotated": false,
    "capInsets": [
      146,
      384,
      146,
      384
    ],
    "vertices": {
      "rawPosition": [
        -317,
        -599.5,
        0,
        317,
        -599.5,
        0,
        -317,
        599.5,
        0,
        317,
        599.5,
        0
      ],
      "indexes": [
        0,
        1,
        2,
        2,
        1,
        3
      ],
      "uv": [
        1,
        1199,
        635,
        1199,
        1,
        0,
        635,
        0
      ],
      "nuv": [
        0.0015748031496062992,
        0,
        1,
        0,
        0.0015748031496062992,
        0.9991666666666666,
        1,
        0.9991666666666666
      ],
      "minPos": {
        "x": -317,
        "y": -599.5,
        "z": 0
      },
      "maxPos": {
        "x": 317,
        "y": 599.5,
        "z": 0
      }
    },
    "texture": "064ef833-8ab8-4414-bbc9-0fd9203f503b@6c48a",
    "packable": true,
    "pixelsToUnit": 100,
    "pivot": {
      "x": 0.5,
      "y": 0.5
    },
    "meshType": 0
  }
}