{
  "__type__": "cc.SpriteFrame",
  "content": {
    "name": "5",
    "atlas": "",
    "rect": {
      "x": 29,
      "y": 7,
      "width": 110,
      "height": 142
    },
    "offset": {
      "x": 6.5,
      "y": -0.5
    },
    "originalSize": {
      "width": 155,
      "height": 155
    },
    "rotated": false,
    "capInsets": [
      0,
      0,
      0,
      0
    ],
    "vertices": {
      "rawPosition": [
        -55,
        -71,
        0,
        55,
        -71,
        0,
        -55,
        71,
        0,
        55,
        71,
        0
      ],
      "indexes": [
        0,
        1,
        2,
        2,
        1,
        3
      ],
      "uv": [
        29,
        148,
        139,
        148,
        29,
        6,
        139,
        6
      ],
      "nuv": [
        0.1870967741935484,
        0.03870967741935484,
        0.896774193548387,
        0.03870967741935484,
        0.1870967741935484,
        0.9548387096774194,
        0.896774193548387,
        0.9548387096774194
      ],
      "minPos": {
        "x": -55,
        "y": -71,
        "z": 0
      },
      "maxPos": {
        "x": 55,
        "y": 71,
        "z": 0
      }
    },
    "texture": "b41db981-56e4-46c2-872d-6aac0e56c992@6c48a",
    "packable": true,
    "pixelsToUnit": 100,
    "pivot": {
      "x": 0.5,
      "y": 0.5
    },
    "meshType": 0
  }
}