{
  "__type__": "cc.SpriteFrame",
  "content": {
    "name": "table 6",
    "atlas": "",
    "rect": {
      "x": 1,
      "y": 0,
      "width": 659,
      "height": 81
    },
    "offset": {
      "x": 0.5,
      "y": 0.5
    },
    "originalSize": {
      "width": 660,
      "height": 82
    },
    "rotated": false,
    "capInsets": [
      0,
      0,
      0,
      0
    ],
    "vertices": {
      "rawPosition": [
        -329.5,
        -40.5,
        0,
        329.5,
        -40.5,
        0,
        -329.5,
        40.5,
        0,
        329.5,
        40.5,
        0
      ],
      "indexes": [
        0,
        1,
        2,
        2,
        1,
        3
      ],
      "uv": [
        1,
        82,
        660,
        82,
        1,
        1,
        660,
        1
      ],
      "nuv": [
        0.0015151515151515152,
        0.012195121951219513,
        1,
        0.012195121951219513,
        0.0015151515151515152,
        1,
        1,
        1
      ],
      "minPos": {
        "x": -329.5,
        "y": -40.5,
        "z": 0
      },
      "maxPos": {
        "x": 329.5,
        "y": 40.5,
        "z": 0
      }
    },
    "texture": "006eb36d-8cc1-4f85-a46b-3ccea40f4e74@6c48a",
    "packable": true,
    "pixelsToUnit": 100,
    "pivot": {
      "x": 0.5,
      "y": 0.5
    },
    "meshType": 0
  }
}